"VocalizationID","SampleID","Start","AgrAbundance","AgrIntensity","BmaAbundance","BmaIntensity","BquAbundance","BquIntensity","BteAbundance","BteIntensity","EplAbundance","EplIntensity","GcaAbundance","GcaIntensity","HciAbundance","HciIntensity","HfeAbundance","HfeIntensity","HgrAbundance","HgrIntensity","HsqAbundance","HsqIntensity","OseAbundance","OseIntensity","PniAbundance","PniIntensity","PocAbundance","PocIntensity","RgrAbundance","RgrIntensity","RspAbundance","RspIntensity","Notes"
558,32,1899-12-30 23:10:00,"0","0","0","0","0","0","0","0","0","0","0","0","0","0","0","0","0","0","0","0","0","0","0","0","0","0","0","0","0","0","No frogs calling"
559,395,1899-12-30 20:00:00,"0","0","0","0","0","0","0","0","0","0","0","0","0","0","0","0","0","0","0","0","0","0","0","0","0","0","0","0","0","0","Updated 12/13/01 by JHW"
560,33,1899-12-30 19:40:00,"0","0","0","0","0","0","0","0","0","0","0","0","0","0","0","0","0","0","0","0","0","0","0","0","0","0","0","0","0","0","No frogs calling"
561,34,1899-12-30 22:10:00,"0","0","0","0","0","0","0","0","0","0","0","0","0","0","0","0","0","0","0","0","0","0","0","0","0","0","1","1","0","0","Saw 2 Bufo terrestris and many Rana sphenacephala."
562,35,1899-12-30 21:00:00,"0","0","0","0","0","0","0","0","0","0","0","0","0","0","0","0","0","0","0","0","0","0","0","0","0","0","0","0","0","0","No frogs calling"
563,59,1899-12-30 20:00:00,"0","0","0","0","0","0","0","0","0","0","0","0","0","0","0","0","0","0","0","0","0","0","0","0","0","0","0","0","0","0","Updated 12/13/01 by JHW"
564,60,1899-12-30 21:20:00,"0","0","0","0","0","0","0","0","0","0","0","0","0","0","0","0","0","0","0","0","0","0","0","0","0","0","0","0","0","0","Datasheet lost; replace data if found!"
565,36,1899-12-30 20:15:00,"0","0","0","0","0","0","0","0","0","0","0","0","0","0","0","0","0","0","0","0","0","0","0","0","0","0","0","0","0","0","Datasheet lost; replace if found!"
566,365,1899-12-30 19:20:00,"0","0","0","0","0","0","0","0","0","0","0","0","0","0","0","0","0","0","0","0","0","0","0","0","0","0","0","0","0","0","Along west side of tram road"
567,37,1899-12-30 23:15:00,"0","0","0","0","0","0","0","0","0","0","0","0","0","0","0","0","0","0","0","0","0","0","0","0","0","0","0","0","3","2",
568,38,1899-12-30 20:50:00,"0","0","0","0","0","0","0","0","0","0","0","0","0","0","0","0","0","0","0","0","0","0","0","0","0","0","0","0","0","0",
569,396,1899-12-30 19:15:00,"0","0","0","0","0","0","0","0","0","0","0","0","0","0","0","0","0","0","0","0","0","0","0","0","0","0","1","1","0","0",
570,39,1899-12-30 18:47:00,"0","0","0","0","0","0","0","0","0","0","0","0","0","0","0","0","0","0","0","0","0","0","0","0","0","0","0","0","0","0","This site is in the middle of a rookery therefore"
572,41,1899-12-30 18:05:00,"2","1","0","0","0","0","0","0","0","0","0","0","0","0","0","0","0","0","0","0","0","0","0","0","0","0","0","0","0","0",
573,43,1899-12-30 19:15:00,"0","0","0","0","0","0","0","0","0","0","0","0","0","0","0","0","0","0","0","0","0","0","0","0","0","0","0","0","0","0",
574,42,1899-12-30 18:40:00,"0","0","0","0","0","0","0","0","0","0","0","0","0","0","0","0","0","0","0","0","0","0","0","0","0","0","0","0","0","0","No frogs calling"
575,44,1899-12-30 18:00:00,"0","0","0","0","0","0","0","0","0","0","0","0","0","0","0","0","0","0","0","0","0","0","0","0","0","0","0","0","2","1",
576,45,1899-12-30 21:20:00,"0","0","0","0","0","0","0","0","0","0","0","0","0","0","0","0","0","0","0","0","0","0","0","0","0","0","0","0","2","1",
577,46,1899-12-30 20:50:00,"0","0","0","0","0","0","0","0","0","0","0","0","0","0","0","0","0","0","0","0","0","0","0","0","0","0","2","1","2","1",
578,47,1899-12-30 20:05:00,"0","0","0","0","0","0","0","0","0","0","0","0","0","0","0","0","0","0","0","0","0","0","0","0","0","0","0","0","0","0",
579,48,1899-12-30 19:20:00,"0","0","0","0","0","0","0","0","0","0","0","0","0","0","0","0","0","0","0","0","0","0","0","0","0","0","0","0","2","1","No frogs calling"
580,49,1899-12-30 22:00:00,"0","0","0","0","0","0","0","0","0","0","0","0","0","0","0","0","0","0","0","0","0","0","0","0","0","0","0","0","0","0",
581,50,1899-12-30 19:40:00,"0","0","0","0","0","0","0","0","0","0","0","0","0","0","0","0","0","0","0","0","0","0","0","0","0","0","0","0","0","0",
582,51,1899-12-30 20:50:00,"0","0","0","0","0","0","0","0","0","0","0","0","0","0","0","0","0","0","0","0","0","0","0","0","0","0","0","0","1","1",
583,78,1899-12-30 19:20:00,"0","0","0","0","0","0","1","1","0","0","0","0","0","0","0","0","0","0","0","0","0","0","0","0","0","0","0","0","0","0",
584,79,1899-12-30 19:20:00,"0","0","0","0","0","0","0","0","0","0","0","0","0","0","0","0","0","0","0","0","0","0","0","0","0","0","0","0","0","0",
585,80,1899-12-30 18:13:00,"0","0","0","0","0","0","0","0","0","0","0","0","0","0","0","0","0","0","0","0","0","0","0","0","0","0","0","0","0","0",
586,81,1899-12-30 18:00:00,"0","0","0","0","0","0","0","0","0","0","0","0","0","0","0","0","0","0","0","0","0","0","0","0","0","0","0","0","0","0",
587,82,1899-12-30 19:30:00,"0","0","0","0","0","0","0","0","0","0","0","0","0","0","0","0","0","0","0","0","0","0","0","0","0","0","0","0","0","0","No frogs calling"
588,83,1899-12-30 19:00:00,"0","0","0","0","0","0","0","0","0","0","0","0","0","0","0","0","0","0","0","0","0","0","0","0","0","0","0","0","0","0",
589,84,1899-12-30 18:05:00,"0","0","0","0","0","0","0","0","0","0","0","0","0","0","0","0","0","0","0","0","0","0","0","0","0","0","0","0","0","0",
590,85,1899-12-30 18:05:00,"0","0","0","0","0","0","0","0","0","0","0","0","0","0","0","0","0","0","0","0","0","0","0","0","0","0","0","0","0","0",
591,86,1899-12-30 18:30:00,"0","0","0","0","0","0","0","0","0","0","0","0","0","0","0","0","0","0","0","0","0","0","0","0","0","0","0","0","0","0",
592,87,1899-12-30 19:00:00,"0","0","0","0","0","0","0","0","0","0","0","0","0","0","0","0","0","0","0","0","0","0","0","0","0","0","0","0","0","0",
593,88,1899-12-30 20:58:00,"0","0","0","0","0","0","0","0","0","0","0","0","0","0","0","0","0","0","0","0","0","0","0","0","0","0","0","0","0","0",
594,89,1899-12-30 20:05:00,"0","0","0","0","0","0","0","0","0","0","0","0","0","0","0","0","0","0","0","0","0","0","0","0","0","0","0","0","0","0","Heard Rsp call after official 10 min. listen--near"
595,90,1899-12-30 19:10:00,"0","0","0","0","0","0","0","0","0","0","0","0","0","0","0","0","0","0","0","0","0","0","0","0","0","0","0","0","0","0",
596,91,1899-12-30 22:28:00,"0","0","0","0","0","0","0","0","0","0","0","0","0","0","0","0","0","0","0","0","0","0","0","0","0","0","0","0","0","0",
597,92,1899-12-30 23:08:00,"0","0","0","0","0","0","0","0","0","0","0","0","0","0","0","0","0","0","0","0","0","0","0","0","0","0","0","0","0","0",
598,93,1899-12-30 21:38:00,"0","0","0","0","0","0","0","0","0","0","0","0","0","0","0","0","0","0","0","0","0","0","0","0","0","0","0","0","0","0",
599,94,1899-12-30 20:48:00,"0","0","0","0","0","0","0","0","0","0","0","0","0","0","0","0","0","0","0","0","0","0","0","0","0","0","0","0","0","0",
600,246,1899-12-30 20:00:00,"0","0","0","0","0","0","0","0","0","0","0","0","0","0","0","0","0","0","0","0","0","0","0","0","0","0","0","0","0","0","Updated 12/12/01 by JHW and MCC"
601,95,1899-12-30 20:40:00,"0","0","0","0","0","0","0","0","0","0","0","0","0","0","0","0","0","0","0","0","0","0","0","0","0","0","0","0","0","0",
602,96,1899-12-30 19:33:00,"0","0","0","0","0","0","0","0","0","0","0","0","0","0","0","0","0","0","0","0","0","0","0","0","0","0","0","0","0","0",
603,97,1899-12-30 18:38:00,"0","0","0","0","0","0","0","0","0","0","0","0","0","0","0","0","0","0","0","0","0","0","0","0","0","0","0","0","0","0",
604,98,1899-12-30 22:00:00,"0","0","0","0","0","0","0","0","0","0","0","0","0","0","0","0","0","0","0","0","0","0","0","0","0","0","0","0","0","0",
605,99,1899-12-30 21:10:00,"0","0","0","0","0","0","0","0","0","0","0","0","0","0","0","0","0","0","0","0","0","0","0","0","0","0","0","0","0","0",
606,100,1899-12-30 18:50:00,"0","0","0","0","0","0","0","0","0","0","0","0","0","0","0","0","0","0","0","0","0","0","0","0","0","0","0","0","0","0",
607,101,1899-12-30 19:30:00,"0","0","0","0","0","0","0","0","0","0","0","0","0","0","0","0","0","0","0","0","0","0","0","0","0","0","0","0","0","0","Bma called twice before beginning time"
608,102,1899-12-30 18:37:00,"0","0","0","0","0","0","0","0","0","0","0","0","0","0","0","0","0","0","0","0","0","0","0","0","0","0","0","0","0","0",
609,103,1899-12-30 18:35:00,"0","0","0","0","0","0","0","0","0","0","0","0","0","0","0","0","0","0","0","0","0","0","0","0","0","0","0","0","0","0",
610,104,1899-12-30 20:25:00,"0","0","0","0","0","0","0","0","0","0","0","0","0","0","0","0","0","0","0","0","0","0","0","0","0","0","0","0","0","0",
611,105,1899-12-30 18:30:00,"0","0","0","0","0","0","0","0","0","0","0","0","0","0","0","0","0","0","0","0","0","0","0","0","0","0","0","0","0","0",
612,106,1899-12-30 19:19:00,"0","0","0","0","0","0","0","0","0","0","0","0","0","0","0","0","0","0","0","0","0","0","0","0","0","0","0","0","0","0",
613,107,1899-12-30 19:45:00,"0","0","0","0","0","0","0","0","0","0","0","0","0","0","0","0","0","0","0","0","0","0","0","0","0","0","0","0","0","0",
614,108,1899-12-30 18:54:00,"0","0","0","0","0","0","0","0","0","0","0","0","0","0","0","0","0","0","0","0","0","0","0","0","0","0","0","0","0","0","Vegetation is sawgrass and Malaluca"
615,109,1899-12-30 20:35:00,"0","0","1","2","0","0","0","0","0","0","0","0","0","0","0","0","0","0","0","0","0","0","0","0","0","0","0","0","0","0",
616,110,1899-12-30 21:34:00,"0","0","0","0","0","0","0","0","0","0","0","0","0","0","0","0","0","0","0","0","0","0","0","0","0","0","0","0","0","0",
617,111,1899-12-30 20:27:00,"0","0","0","0","0","0","0","0","0","0","0","0","0","0","0","0","0","0","0","0","0","0","0","0","0","0","0","0","0","0",
618,112,1899-12-30 18:37:00,"0","0","0","0","0","0","0","0","0","0","0","0","0","0","0","0","0","0","0","0","0","0","0","0","0","0","0","0","0","0",
619,113,1899-12-30 19:23:00,"0","0","1","1","0","0","0","0","0","0","0","0","0","0","0","0","0","0","0","0","0","0","0","0","0","0","0","0","0","0","No calls during survey; one squirrel treefrog afte"
620,114,1899-12-30 22:05:00,"0","0","1","1","0","0","0","0","0","0","0","0","0","0","0","0","0","0","0","0","0","0","0","0","0","0","0","0","0","0",
621,115,1899-12-30 21:10:00,"0","0","0","0","0","0","0","0","0","0","0","0","0","0","0","0","0","0","0","0","0","0","0","0","0","0","0","0","0","0",
622,116,1899-12-30 19:30:00,"0","0","0","0","0","0","0","0","0","0","0","0","0","0","0","0","0","0","0","0","0","0","0","0","0","0","0","0","0","0",
623,117,1899-12-30 20:20:00,"0","0","0","0","0","0","0","0","0","0","0","0","0","0","0","0","0","0","0","0","0","0","0","0","0","0","0","0","0","0",
624,118,1899-12-30 19:44:00,"0","0","0","0","0","0","0","0","0","0","0","0","0","0","0","0","0","0","0","0","0","0","0","0","0","0","0","0","0","0",
625,119,1899-12-30 18:42:00,"0","0","0","0","0","0","0","0","0","0","0","0","0","0","0","0","0","0","0","0","0","0","0","0","0","0","0","0","0","0",
626,120,1899-12-30 20:40:00,"0","0","0","0","0","0","0","0","0","0","0","0","0","0","0","0","0","0","0","0","0","0","0","0","0","0","0","0","0","0",
627,121,1899-12-30 20:00:00,"0","0","0","0","0","0","0","0","0","0","0","0","0","0","0","0","0","0","0","0","0","0","0","0","0","0","0","0","0","0",
628,122,1899-12-30 19:20:00,"0","0","0","0","0","0","0","0","0","0","0","0","0","0","0","0","0","0","0","0","0","0","0","0","0","0","0","0","0","0",
629,123,1899-12-30 18:50:00,"0","0","0","0","0","0","0","0","0","0","0","0","0","0","0","0","0","0","0","0","0","0","0","0","0","0","0","0","0","0",
630,124,1899-12-30 18:40:00,"0","0","0","0","0","0","0","0","0","0","0","0","0","0","0","0","0","0","0","0","0","0","0","0","0","0","0","0","0","0",
631,125,1899-12-30 19:30:00,"0","0","0","0","0","0","0","0","0","0","0","0","0","0","0","0","0","0","0","0","0","0","0","0","0","0","0","0","0","0",
632,126,1899-12-30 20:30:00,"0","0","1","1","0","0","0","0","0","0","0","0","0","0","0","0","0","0","0","0","0","0","0","0","0","0","0","0","0","0",
633,127,1899-12-30 18:50:00,"0","0","1","1","0","0","0","0","0","0","0","0","0","0","0","0","0","0","0","0","0","0","0","0","0","0","0","0","0","0",
634,128,1899-12-30 18:45:00,"0","0","0","0","0","0","0","0","0","0","0","0","0","0","0","0","0","0","0","0","0","0","0","0","0","0","0","0","0","0",
635,129,1899-12-30 20:35:00,"0","0","0","0","0","0","0","0","0","0","0","0","0","0","0","0","0","0","0","0","0","0","0","0","0","0","0","0","0","0","Water depth was 61.0 cm"
636,130,1899-12-30 18:50:00,"0","0","0","0","0","0","0","0","0","0","0","0","0","0","0","0","0","0","0","0","0","0","0","0","0","0","0","0","0","0","Heard Rgr before 10 min. sampling.  Water depth wa"
637,131,1899-12-30 19:30:00,"0","0","0","0","0","0","0","0","0","0","0","0","0","0","0","0","0","0","0","0","0","0","0","0","0","0","0","0","0","0",
638,132,1899-12-30 18:30:00,"0","0","0","0","0","0","0","0","0","0","0","0","0","0","0","0","0","0","0","0","0","0","0","0","0","0","0","0","0","0",
639,133,1899-12-30 18:40:00,"0","0","0","0","0","0","0","0","0","0","0","0","0","0","0","0","0","0","0","0","0","0","0","0","0","0","0","0","0","0",
640,134,1899-12-30 19:50:00,"0","0","0","0","0","0","0","0","0","0","0","0","0","0","0","0","0","0","0","0","0","0","0","0","0","0","0","0","0","0",
641,135,1899-12-30 21:05:00,"0","0","0","0","0","0","0","0","0","0","0","0","0","0","0","0","0","0","0","0","0","0","0","0","0","0","0","0","0","0",
642,136,1899-12-30 21:00:00,"0","0","0","0","0","0","0","0","0","0","0","0","0","0","0","0","0","0","0","0","0","0","0","0","0","0","0","0","0","0",
643,137,1899-12-30 19:30:00,"0","0","0","0","0","0","0","0","0","0","0","0","0","0","0","0","0","0","0","0","0","0","0","0","0","0","0","0","0","0",
644,138,1899-12-30 19:45:00,"0","0","0","0","0","0","0","0","0","0","0","0","0","0","0","0","0","0","0","0","0","0","0","0","0","0","0","0","0","0","Just one southern toad."
645,139,1899-12-30 18:45:00,"0","0","0","0","0","0","0","0","0","0","0","0","0","0","0","0","0","0","0","0","0","0","0","0","0","0","0","0","0","0",
646,140,1899-12-30 20:20:00,"0","0","0","0","0","0","0","0","0","0","0","0","0","0","0","0","0","0","0","0","0","0","0","0","0","0","0","0","0","0","Beginning of tram road"
647,141,1899-12-30 20:15:00,"0","0","0","0","0","0","0","0","0","0","0","0","0","0","0","0","0","0","0","0","0","0","0","0","0","0","0","0","0","0","Water depth was 61.0 cm"
648,142,1899-12-30 18:55:00,"0","0","0","0","0","0","0","0","0","0","0","0","0","0","0","0","0","0","0","0","0","0","0","0","0","0","0","0","0","0",
649,143,1899-12-30 19:44:00,"0","0","0","0","0","0","0","0","0","0","0","0","0","0","0","0","0","0","0","0","0","0","0","0","0","0","0","0","0","0",
650,144,1899-12-30 19:04:00,"0","0","0","0","0","0","0","0","0","0","0","0","0","0","0","0","0","0","0","0","0","0","0","0","0","0","0","0","0","0",
651,145,1899-12-30 20:20:00,"0","0","0","0","0","0","0","0","0","0","0","0","0","0","0","0","0","0","0","0","0","0","0","0","0","0","0","0","0","0",
652,164,1899-12-30 20:35:00,"0","0","0","0","0","0","0","0","0","0","0","0","0","0","0","0","0","0","0","0","0","0","0","0","0","0","0","0","0","0",
653,146,1899-12-30 19:30:00,"0","0","0","0","0","0","0","0","0","0","0","0","0","0","0","0","0","0","0","0","0","0","0","0","0","0","0","0","0","0",
654,147,1899-12-30 20:30:00,"0","0","0","0","0","0","0","0","0","0","0","0","0","0","0","0","0","0","0","0","0","0","0","0","0","0","0","0","0","0",
655,148,1899-12-30 21:10:00,"0","0","0","0","0","0","0","0","0","0","0","0","0","0","0","0","0","0","0","0","0","0","0","0","0","0","0","0","0","0",
656,162,1899-12-30 19:20:00,"0","0","0","0","0","0","0","0","0","0","0","0","0","0","0","0","0","0","0","0","0","0","0","0","0","0","0","0","0","0",
657,163,1899-12-30 20:00:00,"0","0","0","0","0","0","0","0","0","0","0","0","0","0","0","0","0","0","0","0","0","0","0","0","0","0","0","0","0","0",
658,149,1899-12-30 19:34:00,"0","0","0","0","0","0","0","0","0","0","0","0","0","0","0","0","0","0","0","0","0","0","0","0","0","0","0","0","0","0",
659,31,1899-12-30 19:38:00,"0","0","0","0","0","0","0","0","0","0","0","0","0","0","0","0","0","0","0","0","0","0","0","0","0","0","0","0","0","0",
660,150,1899-12-30 20:16:00,"0","0","0","0","0","0","0","0","0","0","0","0","0","0","0","0","0","0","0","0","0","0","0","0","0","0","0","0","0","0",
661,30,1899-12-30 20:15:00,"0","0","0","0","0","0","0","0","0","0","0","0","0","0","0","0","0","0","0","0","0","0","0","0","0","0","0","0","0","0",
662,151,1899-12-30 21:06:00,"0","0","0","0","0","0","0","0","0","0","0","0","0","0","0","0","0","0","0","0","0","0","0","0","0","0","0","0","0","0",
663,152,1899-12-30 21:05:00,"0","0","0","0","0","0","0","0","0","0","0","0","0","0","0","0","0","0","0","0","0","0","0","0","0","0","0","0","0","0",
664,29,1899-12-30 21:48:00,"0","0","0","0","0","0","0","0","0","0","0","0","0","0","0","0","0","0","0","0","0","0","0","0","0","0","0","0","0","0",
665,28,1899-12-30 21:50:00,"0","0","0","0","0","0","0","0","0","0","0","0","0","0","0","0","0","0","0","0","0","0","0","0","0","0","0","0","0","0",
666,155,1899-12-30 19:30:00,"0","0","0","0","0","0","0","0","0","0","0","0","0","0","0","0","0","0","0","0","0","0","0","0","0","0","0","0","0","0",
667,154,1899-12-30 19:00:00,"0","0","0","0","0","0","0","0","0","0","0","0","0","0","0","0","0","0","0","0","0","0","0","0","0","0","0","0","0","0",
668,153,1899-12-30 20:27:00,"0","0","0","0","0","0","3","2","0","0","0","0","4","2","0","0","0","0","0","0","0","0","0","0","0","0","0","0","0","0",
669,156,1899-12-30 21:00:00,"0","0","0","0","0","0","0","0","0","0","0","0","0","0","0","0","0","0","0","0","0","0","0","0","0","0","0","0","0","0",
670,158,1899-12-30 19:50:00,"0","0","0","0","0","0","0","0","0","0","0","0","0","0","0","0","0","0","0","0","0","0","0","0","0","0","0","0","0","0",
671,159,1899-12-30 20:23:00,"0","0","0","0","0","0","0","0","0","0","0","0","0","0","0","0","0","0","0","0","0","0","0","0","0","0","0","0","0","0",
672,157,1899-12-30 20:55:00,"0","0","0","0","0","0","0","0","0","0","0","0","0","0","0","0","0","0","0","0","0","0","0","0","0","0","0","0","0","0",
673,161,1899-12-30 19:00:00,"0","0","0","0","0","0","0","0","0","0","0","0","2","1","0","0","0","0","0","0","0","0","0","0","0","0","0","0","0","0",
674,160,1899-12-30 19:35:00,"0","0","0","0","0","0","0","0","0","0","0","0","0","0","0","0","0","0","0","0","0","0","0","0","0","0","0","0","0","0",
675,5,1899-12-30 20:40:07,"0","0","0","0","0","0","0","0","0","0","0","0","0","0","0","0","0","0","0","0","0","0","0","0","0","0","0","0","0","0",
676,4,1899-12-30 19:15:00,"0","0","0","0","0","0","0","0","0","0","0","0","0","0","0","0","0","0","0","0","0","0","0","0","0","0","0","0","0","0",
677,3,1899-12-30 19:30:00,"0","0","0","0","0","0","0","0","0","0","0","0","0","0","0","0","0","0","0","0","0","0","0","0","0","0","0","0","0","0",
678,166,1899-12-30 20:17:00,"0","0","0","0","0","0","0","0","0","0","0","0","0","0","0","0","0","0","0","0","0","0","0","0","0","0","0","0","0","0",
679,2,1899-12-30 19:46:00,"0","0","0","0","0","0","0","0","0","0","0","0","0","0","0","0","0","0","0","0","0","0","0","0","0","0","0","0","0","0",
680,1,1899-12-30 20:34:00,"0","0","0","0","0","0","0","0","0","0","0","0","0","0","0","0","0","0","0","0","0","0","0","0","0","0","0","0","0","0",
681,165,1899-12-30 20:57:00,"0","0","0","0","0","0","0","0","0","0","0","0","0","0","0","0","0","0","0","0","0","0","0","0","0","0","0","0","0","0",
682,9,1899-12-30 20:18:00,"0","0","0","0","0","0","0","0","0","0","0","0","0","0","0","0","0","0","0","0","0","0","0","0","0","0","0","0","0","0",
683,13,1899-12-30 20:51:00,"0","0","0","0","0","0","0","0","0","0","0","0","0","0","0","0","0","0","0","0","0","0","0","0","0","0","0","0","0","0",
684,8,1899-12-30 20:50:00,"0","0","0","0","0","0","0","0","0","0","0","0","0","0","0","0","0","0","0","0","0","0","0","0","0","0","0","0","0","0",
685,12,1899-12-30 21:33:00,"0","0","0","0","0","0","0","0","0","0","0","0","0","0","0","0","0","0","0","0","0","0","0","0","0","0","0","0","0","0",
686,7,1899-12-30 21:42:00,"0","0","0","0","0","0","0","0","0","0","0","0","0","0","0","0","0","0","0","0","0","0","0","0","0","0","0","0","0","0",
687,11,1899-12-30 22:25:00,"0","0","0","0","0","0","0","0","0","0","0","0","0","0","0","0","0","0","0","0","0","0","0","0","0","0","0","0","0","0",
688,6,1899-12-30 22:26:00,"0","0","0","0","0","0","0","0","0","0","0","0","0","0","0","0","0","0","0","0","0","0","0","0","0","0","0","0","0","0",
689,10,1899-12-30 23:31:00,"0","0","0","0","0","0","0","0","0","0","0","0","2","1","0","0","0","0","0","0","0","0","0","0","0","0","0","0","0","0",
690,22,1899-12-30 22:42:00,"0","0","0","0","0","0","0","0","0","0","0","0","0","0","0","0","0","0","0","0","0","0","0","0","0","0","0","0","0","0",
691,21,1899-12-30 23:26:00,"0","0","0","0","0","0","0","0","0","0","0","0","0","0","0","0","0","0","0","0","0","0","0","0","0","0","0","0","0","0",
692,20,1899-12-30 22:02:00,"0","0","0","0","0","0","0","0","0","0","0","0","0","0","0","0","0","0","0","0","0","0","0","0","0","0","0","0","0","0",
693,19,1899-12-30 22:04:00,"0","0","0","0","0","0","0","0","0","0","0","0","0","0","0","0","0","0","0","0","0","0","0","0","0","0","0","0","0","0",
694,16,1899-12-30 21:30:00,"0","0","0","0","0","0","0","0","0","0","0","0","0","0","0","0","0","0","0","0","0","0","0","0","0","0","0","0","0","0",
695,15,1899-12-30 22:25:00,"0","0","0","0","0","0","0","0","0","0","0","0","0","0","0","0","0","0","0","0","0","0","0","0","0","0","0","0","0","0",
696,14,1899-12-30 23:14:00,"0","0","0","0","0","0","0","0","0","0","0","0","0","0","0","0","0","0","0","0","0","0","0","0","0","0","0","0","0","0",
697,18,1899-12-30 21:01:00,"0","0","0","0","0","0","0","0","0","0","0","0","0","0","0","0","0","0","0","0","0","0","0","0","0","0","0","0","0","0","heard Rgr at bridge/water after call count"
698,17,1899-12-30 21:41:00,"0","0","0","0","0","0","0","0","0","0","0","0","0","0","0","0","0","0","0","0","0","0","0","0","0","0","0","0","0","0",
699,26,1899-12-30 20:52:00,"0","0","0","0","0","0","0","0","0","0","0","0","0","0","0","0","0","0","0","0","0","0","0","0","0","0","0","0","0","0",
700,25,1899-12-30 21:02:00,"0","0","0","0","0","0","0","0","0","0","0","0","0","0","0","0","0","0","0","0","0","0","0","0","0","0","0","0","0","0",
701,24,1899-12-30 21:30:00,"0","0","0","0","0","0","0","0","0","0","0","0","0","0","0","0","0","0","0","0","0","0","0","0","0","0","0","0","0","0",
702,23,1899-12-30 22:15:00,"0","0","0","0","0","0","0","0","0","0","0","0","0","0","0","0","0","0","0","0","0","0","0","0","0","0","0","0","0","0",
703,53,1899-12-30 20:50:00,"0","0","0","0","0","0","0","0","0","0","0","0","0","0","0","0","0","0","0","0","0","0","0","0","0","0","0","0","0","0",
704,52,1899-12-30 21:10:00,"0","0","0","0","0","0","0","0","0","0","0","0","0","0","0","0","0","0","2","1","0","0","0","0","0","0","0","0","0","0",
705,55,1899-12-30 22:11:00,"0","0","0","0","0","0","0","0","0","0","0","0","2","1","0","0","0","0","0","0","0","0","0","0","0","0","0","0","0","0",
706,54,1899-12-30 23:38:00,"0","0","0","0","0","0","0","0","0","0","0","0","0","0","0","0","0","0","0","0","0","0","0","0","0","0","0","0","0","0",
707,58,1899-12-30 23:15:00,"0","0","0","0","0","0","0","0","0","0","0","0","0","0","0","0","0","0","0","0","0","0","0","0","0","0","0","0","0","0",
708,62,1899-12-30 21:00:00,"0","0","0","0","0","0","2","1","0","0","3","2","3","2","0","0","0","0","0","0","0","0","0","0","0","0","0","0","0","0",
709,57,1899-12-30 21:29:00,"0","0","0","0","0","0","0","0","0","0","0","0","0","0","0","0","0","0","0","0","2","1","0","0","0","0","0","0","0","0",
710,61,1899-12-30 21:44:00,"0","0","0","0","0","0","2","1","0","0","3","2","3","1","0","0","0","0","0","0","0","0","0","0","0","0","0","0","0","0",
711,56,1899-12-30 22:08:00,"0","0","0","0","0","0","0","0","0","0","0","0","2","2","0","0","0","0","0","0","0","0","0","0","0","0","0","0","0","0",
712,27,1899-12-30 22:45:00,"0","0","0","0","0","0","0","0","0","0","0","0","0","0","0","0","0","0","0","0","1","1","0","0","0","0","0","0","0","0",
713,66,1899-12-30 20:42:00,"0","0","0","0","0","0","0","0","0","0","0","0","4","2","0","0","0","0","0","0","0","0","0","0","0","0","0","0","0","0",
714,64,1899-12-30 21:22:00,"0","0","0","0","0","0","0","0","0","0","2","2","2","2","0","0","0","0","0","0","2","2","0","0","0","0","0","0","0","0",
715,65,1899-12-30 21:29:00,"0","0","0","0","0","0","0","0","0","0","4","2","3","1","0","0","0","0","0","0","0","0","0","0","0","0","0","0","0","0",
716,63,1899-12-30 22:07:00,"0","0","0","0","0","0","0","0","0","0","0","0","2","1","0","0","0","0","0","0","2","1","0","0","0","0","0","0","0","0",
717,68,1899-12-30 21:22:00,"0","0","0","0","0","0","1","1","0","0","2","1","3","1","0","0","0","0","0","0","0","0","0","0","0","0","0","0","0","0",
718,67,1899-12-30 22:36:00,"0","0","0","0","0","0","4","2","0","0","3","1","4","2","0","0","0","0","0","0","0","0","0","0","0","0","1","1","0","0",
719,70,1899-12-30 21:06:00,"0","0","0","0","0","0","0","0","0","0","0","0","5","3","0","0","0","0","0","0","0","0","0","0","0","0","4","2","0","0",
720,72,1899-12-30 21:38:00,"0","0","0","0","0","0","0","0","0","0","0","0","0","0","0","0","0","0","0","0","0","0","0","0","0","0","0","0","0","0",
721,69,1899-12-30 21:44:00,"0","0","0","0","0","0","0","0","0","0","0","0","0","0","0","0","0","0","0","0","0","0","0","0","0","0","0","0","0","0",
722,71,1899-12-30 22:19:00,"0","0","0","0","0","0","0","0","0","0","0","0","0","0","0","0","0","0","0","0","0","0","0","0","0","0","0","0","0","0",
723,75,1899-12-30 22:40:00,"0","0","0","0","0","0","0","0","0","0","0","0","0","0","0","0","0","0","0","0","0","0","0","0","0","0","0","0","0","0",
724,191,1899-12-30 21:01:00,"0","0","0","0","0","0","0","0","0","0","0","0","0","0","0","0","0","0","1","1","0","0","0","0","0","0","0","0","0","0",
725,74,1899-12-30 21:33:00,"0","0","0","0","0","0","0","0","0","0","0","0","0","0","0","0","0","0","0","0","0","0","0","0","0","0","0","0","0","0","Heard Hci after sample time."
726,77,1899-12-30 21:50:00,"0","0","0","0","0","0","1","1","0","0","0","0","0","0","0","0","0","0","2","1","0","0","0","0","0","0","0","0","0","0",
727,73,1899-12-30 22:23:00,"0","0","0","0","0","0","0","0","0","0","0","0","0","0","0","0","0","0","0","0","0","0","0","0","0","0","0","0","0","0",
728,76,1899-12-30 23:46:00,"0","0","0","0","0","0","0","0","0","0","0","0","0","0","0","0","0","0","0","0","0","0","0","0","0","0","0","0","0","0",
729,197,1899-12-30 21:10:00,"0","0","0","0","0","0","0","0","0","0","0","0","0","0","0","0","0","0","0","0","0","0","0","0","0","0","0","0","0","0",
730,196,1899-12-30 21:41:00,"0","0","0","0","0","0","0","0","0","0","0","0","0","0","0","0","0","0","0","0","0","0","0","0","0","0","0","0","0","0",
731,195,1899-12-30 22:14:00,"0","0","0","0","0","0","0","0","0","0","0","0","0","0","0","0","0","0","0","0","0","0","0","0","0","0","0","0","0","0","No species seen or heard."
732,194,1899-12-30 22:15:00,"0","0","0","0","0","0","0","0","0","0","0","0","0","0","0","0","0","0","0","0","0","0","0","0","0","0","0","0","0","0",
733,193,1899-12-30 21:20:00,"0","0","0","0","0","0","0","0","0","0","0","0","0","0","0","0","0","0","0","0","0","0","0","0","0","0","0","0","0","0",
734,192,1899-12-30 20:46:00,"0","0","0","0","0","0","0","0","0","0","0","0","0","0","0","0","0","0","0","0","0","0","0","0","0","0","0","0","0","0","Heard one Ose in site after ten min. sample."
735,202,1899-12-30 20:44:00,"2","1","0","0","0","0","0","0","0","0","0","0","2","1","0","0","0","0","0","0","0","0","0","0","0","0","0","0","0","0",
736,201,1899-12-30 20:31:00,"0","0","0","0","0","0","0","0","0","0","0","0","0","0","0","0","0","0","0","0","0","0","0","0","0","0","0","0","0","0",
737,200,1899-12-30 21:03:00,"0","0","0","0","0","0","0","0","0","0","0","0","0","0","0","0","0","0","0","0","0","0","0","0","0","0","0","0","0","0",
738,199,1899-12-30 21:28:00,"0","0","0","0","0","0","0","0","0","0","0","0","0","0","0","0","0","0","0","0","0","0","0","0","0","0","0","0","0","0",
739,198,1899-12-30 22:17:00,"0","0","0","0","0","0","1","1","0","0","0","0","0","0","0","0","0","0","0","0","0","0","0","0","0","0","0","0","0","0",
740,226,1899-12-30 21:24:00,"0","0","0","0","0","0","0","0","0","0","3","1","5","3","0","0","0","0","0","0","0","0","0","0","0","0","0","0","1","1","Heard Rgr before ten min."
741,225,1899-12-30 22:12:00,"0","0","0","0","0","0","0","0","0","0","0","0","5","3","0","0","0","0","0","0","0","0","0","0","0","0","1","1","0","0","Heard Gca after ten min."
742,224,1899-12-30 22:52:00,"0","0","0","0","0","0","0","0","0","0","0","0","0","0","0","0","0","0","0","0","0","0","0","0","0","0","0","0","0","0",
743,214,1899-12-30 20:45:00,"0","0","0","0","0","0","0","0","0","0","0","0","0","0","0","0","0","0","0","0","0","0","0","0","0","0","0","0","0","0",
744,205,1899-12-30 20:20:00,"0","0","0","0","0","0","0","0","0","0","0","0","0","0","0","0","0","0","0","0","0","0","0","0","0","0","0","0","0","0",
745,203,1899-12-30 22:58:00,"0","0","0","0","0","0","0","0","0","0","0","0","0","0","0","0","0","0","0","0","0","0","0","0","0","0","0","0","0","0",
746,204,1899-12-30 22:21:00,"0","0","0","0","0","0","0","0","0","0","0","0","0","0","0","0","0","0","0","0","0","0","0","0","0","0","0","0","0","0",
747,234,1899-12-30 21:23:00,"0","0","0","0","0","0","0","0","0","0","0","0","0","0","0","0","0","0","0","0","0","0","0","0","0","0","0","0","0","0",
748,235,1899-12-30 22:08:00,"0","0","0","0","0","0","0","0","0","0","0","0","0","0","0","0","0","0","0","0","0","0","0","0","0","0","0","0","0","0",
749,236,1899-12-30 20:31:00,"0","0","0","0","0","0","0","0","4","1","0","0","0","0","0","0","0","0","0","0","0","0","0","0","0","0","0","0","0","0",
750,237,1899-12-30 20:35:00,"0","0","0","0","0","0","0","0","0","0","0","0","3","1","0","0","0","0","0","0","0","0","0","0","0","0","0","0","0","0",
751,206,1899-12-30 22:09:00,"4","2","0","0","0","0","0","0","0","0","0","0","3","2","0","0","0","0","0","0","0","0","0","0","0","0","0","0","0","0",
752,208,1899-12-30 20:35:00,"0","0","0","0","0","0","0","0","0","0","0","0","0","0","0","0","0","0","0","0","0","0","0","0","0","0","0","0","0","0",
753,207,1899-12-30 21:01:00,"0","0","0","0","0","0","0","0","0","0","0","0","0","0","0","0","0","0","0","0","0","0","0","0","0","0","0","0","0","0",
754,218,1899-12-30 22:00:00,"0","0","0","0","0","0","0","0","0","0","0","0","0","0","0","0","0","0","0","0","0","0","0","0","0","0","0","0","0","0",
755,217,1899-12-30 21:20:00,"0","0","0","0","0","0","0","0","0","0","0","0","0","0","0","0","0","0","0","0","0","0","2","1","0","0","0","0","0","0",
756,216,1899-12-30 20:45:00,"0","0","0","0","0","0","0","0","0","0","0","0","0","0","0","0","0","0","0","0","0","0","0","0","0","0","0","0","0","0",
757,221,1899-12-30 21:55:00,"2","2","0","0","0","0","0","0","0","0","0","0","2","1","0","0","0","0","0","0","0","0","0","0","0","0","0","0","0","0","smokey due to prescribed burns"
758,219,1899-12-30 23:15:00,"1","1","0","0","0","0","0","0","0","0","0","0","0","0","0","0","0","0","0","0","0","0","0","0","0","0","0","0","0","0",
759,220,1899-12-30 22:35:00,"0","0","0","0","0","0","0","0","0","0","1","1","3","2","0","0","0","0","0","0","0","0","0","0","0","0","0","0","0","0","smokey due to prescribed burns"
760,222,1899-12-30 21:15:00,"0","0","0","0","0","0","0","0","0","0","0","0","0","0","0","0","0","0","0","0","0","0","0","0","0","0","0","0","0","0","smokey due to prescribed burns"
761,213,1899-12-30 22:14:00,"3","2","0","0","0","0","0","0","0","0","0","0","4","2","0","0","0","0","0","0","0","0","0","0","0","0","4","2","0","0",
762,212,1899-12-30 23:14:00,"0","0","0","0","0","0","0","0","0","0","0","0","4","2","0","0","0","0","0","0","0","0","0","0","0","0","4","3","0","0",
763,223,1899-12-30 20:48:00,"0","0","0","0","0","0","0","0","0","0","0","0","0","0","0","0","0","0","0","0","0","0","0","0","0","0","0","0","0","0",
764,211,1899-12-30 0:27:00,"0","0","0","0","0","0","0","0","0","0","0","0","4","2","0","0","0","0","0","0","0","0","0","0","0","0","0","0","0","0",
765,215,1899-12-30 20:47:00,"5","3","0","0","0","0","0","0","0","0","0","0","4","1","0","0","0","0","0","0","0","0","0","0","0","0","4","2","0","0",
766,210,1899-12-30 21:51:00,"3","1","0","0","0","0","0","0","0","0","0","0","1","1","0","0","0","0","0","0","0","0","0","0","0","0","0","0","0","0",
767,209,1899-12-30 22:26:00,"3","2","0","0","0","0","0","0","0","0","0","0","0","0","0","0","0","0","0","0","0","0","0","0","0","0","0","0","0","0",
768,229,1899-12-30 20:58:00,"4","1","0","0","0","0","0","0","0","0","0","0","0","0","0","0","0","0","0","0","0","0","0","0","0","0","5","2","0","0",
769,228,1899-12-30 21:18:00,"5","3","0","0","0","0","0","0","4","1","0","0","5","2","0","0","0","0","0","0","0","0","0","0","0","0","4","1","0","0",
770,233,1899-12-30 21:28:00,"0","0","0","0","0","0","0","0","0","0","0","0","0","0","0","0","0","0","0","0","0","0","0","0","0","0","0","0","0","0",
771,230,1899-12-30 22:27:00,"5","3","0","0","0","0","0","0","0","0","0","0","5","3","0","0","0","0","0","0","0","0","0","0","0","0","4","1","0","0",
772,232,1899-12-30 22:37:00,"0","0","0","0","0","0","0","0","0","0","0","0","0","0","0","0","0","0","0","0","0","0","0","0","0","0","0","0","0","0",
773,231,1899-12-30 23:13:00,"0","0","0","0","0","0","0","0","0","0","0","0","0","0","0","0","0","0","0","0","0","0","0","0","0","0","0","0","0","0",
774,227,1899-12-30 23:24:00,"5","3","0","0","0","0","0","0","0","0","0","0","0","0","0","0","0","0","0","0","0","0","0","0","0","0","4","2","0","0",
775,241,1899-12-30 21:10:00,"0","0","0","0","0","0","0","0","0","0","0","0","1","1","0","0","0","0","0","0","0","0","0","0","0","0","1","1","0","0",
776,240,1899-12-30 21:30:00,"0","0","0","0","0","0","0","0","0","0","0","0","0","0","0","0","0","0","0","0","0","0","0","0","0","0","0","0","0","0",
777,239,1899-12-30 22:00:00,"0","0","0","0","0","0","0","0","0","0","0","0","1","1","0","0","0","0","0","0","0","0","0","0","0","0","0","0","0","0",
778,238,1899-12-30 22:45:00,"0","0","0","0","0","0","0","0","0","0","0","0","2","1","0","0","0","0","0","0","0","0","0","0","0","0","0","0","0","0",
779,243,1899-12-30 21:00:00,"5","3","0","0","4","2","0","0","0","0","4","2","5","3","0","0","0","0","0","0","0","0","0","0","0","0","5","2","5","1","Originally recorded as 804"
780,242,1899-12-30 20:49:00,"3","2","0","0","3","2","0","0","0","0","4","2","3","2","0","0","0","0","0","0","0","0","0","0","0","0","0","0","0","0","Heard one Rgr after survey."
781,273,1899-12-30 21:30:00,"1","1","0","0","0","0","0","0","0","0","0","0","0","0","0","0","0","0","0","0","0","0","0","0","0","0","0","0","0","0",
782,272,1899-12-30 21:50:00,"0","0","0","0","0","0","0","0","0","0","0","0","0","0","0","0","0","0","0","0","0","0","0","0","0","0","0","0","0","0",
783,277,1899-12-30 22:02:00,"0","0","0","0","0","0","0","0","0","0","0","0","0","0","0","0","0","0","0","0","0","0","0","0","0","0","1","1","0","0",
784,271,1899-12-30 22:33:00,"0","0","0","0","0","0","0","0","0","0","0","0","0","0","0","0","0","0","0","0","0","0","0","0","0","0","0","0","0","0",
785,276,1899-12-30 22:40:00,"4","3","0","0","0","0","0","0","0","0","0","0","0","0","0","0","0","0","0","0","0","0","0","0","0","0","0","0","0","0",
786,245,1899-12-30 22:57:00,"0","0","0","0","0","0","0","0","0","0","0","0","4","3","0","0","0","0","0","0","0","0","0","0","0","0","2","3","0","0",
787,275,1899-12-30 23:18:00,"1","1","0","0","0","0","0","0","0","0","0","0","0","0","0","0","0","0","0","0","0","0","0","0","0","0","0","0","0","0",
788,244,1899-12-30 21:16:00,"0","0","0","0","0","0","0","0","0","0","0","0","0","0","0","0","0","0","0","0","0","0","0","0","0","0","0","0","0","0",
789,274,1899-12-30 21:21:00,"0","0","0","0","0","0","0","0","0","0","0","0","0","0","0","0","0","0","0","0","0","0","0","0","0","0","0","0","0","0",
790,295,1899-12-30 21:17:00,"0","0","0","0","0","0","0","0","0","0","0","0","0","0","0","0","0","0","0","0","0","0","0","0","0","0","0","0","0","0",
791,167,1899-12-30 21:50:00,"0","0","0","0","0","0","0","0","0","0","0","0","0","0","0","0","0","0","0","0","0","0","0","0","0","0","0","0","0","0",
792,168,1899-12-30 22:15:00,"0","0","0","0","0","0","0","0","0","0","0","0","0","0","0","0","0","0","0","0","0","0","0","0","0","0","0","0","0","0","Maybe heard Epl (about 2)"
793,169,1899-12-30 22:34:00,"0","0","0","0","0","0","0","0","0","0","0","0","0","0","0","0","0","0","0","0","0","0","0","0","0","0","0","0","0","0",
794,286,1899-12-30 21:31:00,"0","0","0","0","0","0","0","0","0","0","0","0","0","0","0","0","0","0","0","0","0","0","0","0","0","0","0","0","0","0","No frogs seen or heard"
795,283,1899-12-30 21:30:00,"2","1","0","0","0","0","0","0","0","0","0","0","0","0","0","0","0","0","2","1","0","0","0","0","0","0","2","1","0","0",
796,285,1899-12-30 22:37:00,"0","0","0","0","0","0","0","0","0","0","0","0","4","2","0","0","0","0","0","0","0","0","0","0","0","0","3","2","0","0",
797,282,1899-12-30 22:47:00,"2","1","0","0","0","0","0","0","0","0","0","0","0","0","0","0","0","0","0","0","0","0","0","0","0","0","1","1","0","0",
798,284,1899-12-30 23:19:00,"3","1","0","0","0","0","0","0","0","0","0","0","0","0","0","0","0","0","0","0","0","0","0","0","0","0","0","0","0","0","Heard pig frogs after ten mins"
799,281,1899-12-30 23:00:00,"1","1","0","0","0","0","0","0","0","0","0","0","0","0","0","0","0","0","0","0","0","0","0","0","0","0","0","0","0","0",
800,288,1899-12-30 23:30:00,"2","1","0","0","0","0","0","0","0","0","0","0","0","0","0","0","0","0","0","0","0","0","0","0","0","0","0","0","0","0",
801,280,1899-12-30 23:45:00,"0","0","0","0","0","0","0","0","0","0","0","0","3","1","0","0","0","0","0","0","0","0","0","0","0","0","2","1","0","0",
802,289,1899-12-30 23:58:00,"0","0","0","0","0","0","0","0","0","0","0","0","0","0","0","0","0","0","0","0","0","0","0","0","0","0","0","0","0","0",
803,279,1899-12-30 21:47:00,"0","0","0","0","0","0","0","0","2","1","0","0","3","1","0","0","0","0","0","0","0","0","0","0","0","0","2","1","0","0",
804,287,1899-12-30 22:17:00,"0","0","0","0","0","0","0","0","0","0","0","0","0","0","0","0","0","0","0","0","0","0","0","0","0","0","0","0","0","0",
805,278,1899-12-30 23:33:00,"0","0","0","0","0","0","0","0","2","1","0","0","5","3","0","0","0","0","0","0","0","0","0","0","0","0","3","2","0","0",
806,291,1899-12-30 21:13:00,"0","0","0","0","0","0","0","0","0","0","0","0","2","2","0","0","0","0","0","0","0","0","0","0","0","0","0","0","0","0",
807,290,1899-12-30 21:13:00,"3","2","0","0","0","0","0","0","0","0","1","1","4","3","0","0","0","0","0","0","0","0","0","0","0","0","0","0","0","0",
808,294,1899-12-30 22:05:00,"0","0","0","0","0","0","0","0","2","2","4","2","5","3","0","0","0","0","0","0","0","0","0","0","0","0","2","1","0","0",
809,173,1899-12-30 22:05:00,"0","0","0","0","0","0","0","0","0","0","0","0","0","0","0","0","0","0","0","0","0","0","0","0","0","0","0","0","0","0","rand1 in gps pine rockland"
810,172,1899-12-30 21:06:00,"4","3","0","0","0","0","0","0","0","0","0","0","4","3","0","0","0","0","0","0","0","0","0","0","0","0","3","2","0","0",
811,293,1899-12-30 21:28:00,"4","2","0","0","0","0","0","0","0","0","0","0","5","3","0","0","0","0","0","0","0","0","0","0","0","0","4","2","0","0",
812,171,1899-12-30 21:50:00,"4","3","0","0","0","0","0","0","0","0","0","0","4","3","0","0","0","0","0","0","0","0","0","0","0","0","3","2","0","0",
813,292,1899-12-30 22:34:00,"4","2","0","0","0","0","0","0","0","0","0","0","5","2","0","0","0","0","0","0","0","0","0","0","0","0","4","2","0","0",
814,170,1899-12-30 22:40:00,"4","3","0","0","0","0","0","0","0","0","0","0","4","3","0","0","0","0","0","0","0","0","0","0","0","0","3","2","0","0",
815,179,1899-12-30 21:00:00,"3","1","0","0","0","0","0","0","0","0","0","0","4","3","0","0","0","0","0","0","0","0","0","0","0","0","2","1","0","0",
816,178,1899-12-30 22:00:00,"0","0","0","0","0","0","0","0","0","0","1","1","4","3","0","0","0","0","0","0","0","0","0","0","0","0","0","0","0","0","Heard pig frog after count"
817,177,1899-12-30 20:51:00,"4","3","0","0","0","0","0","0","0","0","0","0","4","3","0","0","0","0","0","0","0","0","0","0","0","0","2","1","0","0",
818,176,1899-12-30 21:16:00,"0","0","0","0","0","0","0","0","0","0","0","0","4","3","0","0","0","0","0","0","0","0","0","0","0","0","2","2","0","0",
819,175,1899-12-30 21:45:00,"3","2","0","0","0","0","0","0","0","0","2","1","4","3","0","0","0","0","0","0","0","0","0","0","0","0","3","2","0","0",
820,174,1899-12-30 22:26:00,"3","3","0","0","0","0","0","0","0","0","0","0","4","3","0","0","0","0","0","0","0","0","0","0","0","0","2","1","0","0",
821,180,1899-12-30 22:48:00,"4","3","0","0","0","0","0","0","0","0","0","0","4","3","0","0","0","0","0","0","0","0","0","0","0","0","4","2","0","0",
822,181,1899-12-30 21:50:00,"4","3","0","0","0","0","0","0","0","0","0","0","4","3","0","0","0","0","0","0","0","0","0","0","0","0","4","2","0","0",
823,182,1899-12-30 23:01:00,"4","3","0","0","0","0","0","0","0","0","0","0","4","3","0","0","0","0","0","0","0","0","0","0","0","0","4","2","0","0",
824,185,1899-12-30 21:38:00,"0","0","0","0","3","1","0","0","0","0","0","0","5","3","0","0","0","0","0","0","1","1","0","0","0","0","0","0","0","0",
825,188,1899-12-30 21:43:00,"0","0","0","0","0","0","0","0","0","0","0","0","0","0","0","0","0","0","0","0","0","0","0","0","0","0","2","1","0","0",
826,184,1899-12-30 22:09:00,"0","0","0","0","0","0","0","0","0","0","0","0","5","3","0","0","0","0","0","0","0","0","0","0","0","0","0","0","0","0",
827,187,1899-12-30 22:19:00,"0","0","0","0","0","0","0","0","0","0","0","0","4","2","0","0","0","0","0","0","0","0","0","0","0","0","2","1","0","0",
828,183,1899-12-30 22:45:00,"0","0","0","0","0","0","0","0","0","0","0","0","4","2","0","0","0","0","0","0","0","0","0","0","0","0","0","0","0","0",
829,186,1899-12-30 23:09:00,"4","3","0","0","0","0","0","0","0","0","0","0","4","3","0","0","0","0","0","0","0","0","0","0","0","0","3","2","0","0",
830,297,1899-12-30 20:26:00,"4","2","0","0","0","0","0","0","0","0","0","0","1","1","0","0","0","0","0","0","0","0","0","0","0","0","4","1","0","0",
831,296,1899-12-30 21:10:00,"4","2","0","0","0","0","0","0","0","0","0","0","3","1","0","0","0","0","0","0","0","0","0","0","0","0","4","2","0","0",
832,190,1899-12-30 22:16:00,"4","2","0","0","0","0","0","0","0","0","0","0","2","1","0","0","0","0","0","0","0","0","0","0","0","0","3","3","0","0",
833,189,1899-12-30 22:48:00,"4","2","0","0","0","0","0","0","0","0","0","0","2","1","0","0","0","0","0","0","0","0","0","0","0","0","3","1","0","0",
834,305,1899-12-30 20:58:00,"0","0","0","0","3","1","3","1","2","1","0","0","5","3","0","0","0","0","0","0","0","0","0","0","0","0","0","0","0","0",
835,304,1899-12-30 21:40:00,"0","0","0","0","0","0","3","1","3","2","0","0","5","2","0","0","0","0","0","0","0","0","5","3","0","0","0","0","0","0",
836,303,1899-12-30 22:10:00,"0","0","0","0","0","0","0","0","2","1","0","0","0","0","0","0","0","0","0","0","1","1","3","2","0","0","0","0","0","0",
837,302,1899-12-30 21:05:00,"5","3","0","0","0","0","0","0","0","0","0","0","5","3","0","0","0","0","0","0","0","0","0","0","0","0","4","2","1","1",
838,301,1899-12-30 22:28:00,"5","3","0","0","0","0","0","0","0","0","0","0","5","3","0","0","0","0","0","0","0","0","0","0","0","0","4","2","0","0",
839,300,1899-12-30 23:09:00,"5","3","0","0","0","0","0","0","0","0","0","0","4","2","0","0","0","0","0","0","0","0","0","0","0","0","4","2","0","0",
840,299,1899-12-30 23:36:00,"5","3","0","0","0","0","0","0","0","0","0","0","4","2","0","0","0","0","0","0","0","0","0","0","0","0","4","2","0","0",
841,298,1899-12-30 0:07:00,"4","2","0","0","0","0","0","0","0","0","0","0","3","1","0","0","0","0","0","0","0","0","0","0","0","0","4","2","0","0",
842,309,1899-12-30 20:40:00,"4","2","0","0","0","0","0","0","0","0","0","0","0","0","0","0","0","0","0","0","0","0","0","0","0","0","0","0","0","0",
843,316,1899-12-30 20:58:00,"0","0","0","0","0","0","0","0","0","0","0","0","0","0","0","0","0","0","0","0","0","0","0","0","0","0","0","0","0","0","Heard cricket frogs after 10 min,"
844,308,1899-12-30 21:32:00,"4","1","0","0","0","0","0","0","3","1","0","0","4","2","0","0","0","0","0","0","0","0","0","0","0","0","2","1","0","0",
845,315,1899-12-30 21:30:00,"0","0","0","0","0","0","0","0","0","0","2","1","1","1","0","0","0","0","0","0","0","0","0","0","0","0","0","0","0","0","Hci was faint and distant"
846,314,1899-12-30 22:30:00,"0","0","0","0","0","0","0","0","0","0","0","0","3","2","0","0","0","0","0","0","2","1","0","0","0","0","0","0","0","0","Hci faint and distant"
847,307,1899-12-30 22:34:00,"5","3","0","0","0","0","0","0","0","0","0","0","5","2","0","0","0","0","0","0","0","0","0","0","0","0","4","2","0","0",
848,306,1899-12-30 23:42:00,"2","1","0","0","0","0","0","0","0","0","0","0","2","1","0","0","0","0","0","0","0","0","0","0","0","0","3","1","0","0",
849,313,1899-12-30 21:30:00,"3","2","0","0","0","0","0","0","0","0","0","0","2","1","0","0","0","0","0","0","0","0","0","0","0","0","2","1","0","0",
850,312,1899-12-30 22:05:00,"4","3","0","0","0","0","0","0","0","0","0","0","4","3","0","0","0","0","0","0","0","0","0","0","0","0","0","0","0","0",
851,311,1899-12-30 22:35:00,"3","2","0","0","0","0","0","0","0","0","0","0","0","0","0","0","0","0","0","0","0","0","0","0","0","0","3","1","0","0",
852,310,1899-12-30 23:05:00,"3","2","0","0","0","0","0","0","0","0","0","0","3","1","0","0","0","0","0","0","0","0","0","0","0","0","2","1","0","0",
853,318,1899-12-30 21:23:00,"0","0","2","1","0","0","0","0","0","0","0","0","2","1","0","0","0","0","0","0","0","0","2","1","0","0","0","0","0","0","Heard oak toad after survey"
854,317,1899-12-30 21:27:00,"2","1","2","2","0","0","0","0","2","1","1","1","2","1","0","0","0","0","0","0","0","0","4","2","0","0","0","0","0","0",
855,324,1899-12-30 20:57:00,"0","0","0","0","0","0","2","1","2","1","0","0","5","3","0","0","0","0","1","1","0","0","0","0","0","0","0","0","0","0",
856,321,1899-12-30 21:11:00,"0","0","0","0","0","0","0","0","2","1","0","0","2","1","0","0","0","0","0","0","1","1","0","0","0","0","2","1","0","0",
857,323,1899-12-30 21:32:00,"0","0","0","0","0","0","2","2","0","0","0","0","5","3","0","0","0","0","0","0","0","0","0","0","0","0","0","0","0","0",
858,320,1899-12-30 22:01:00,"3","2","0","0","0","0","0","0","0","0","0","0","3","2","0","0","0","0","0","0","0","0","0","0","0","0","3","1","0","0",
859,322,1899-12-30 22:07:00,"0","0","0","0","0","0","3","1","1","1","0","0","5","3","0","0","0","0","0","0","0","0","0","0","0","0","0","0","0","0",
860,319,1899-12-30 22:52:00,"0","0","0","0","0","0","0","0","0","0","0","0","3","2","0","0","0","0","0","0","0","0","0","0","0","0","0","0","0","0",
861,328,1899-12-30 20:42:00,"0","0","0","0","0","0","0","0","0","0","0","0","0","0","0","0","0","0","0","0","0","0","0","0","0","0","0","0","0","0","Updated 12/12/01 by JHW and MCC"
862,332,1899-12-30 21:20:00,"0","0","0","0","0","0","0","0","0","0","0","0","0","0","0","0","0","0","0","0","0","0","0","0","0","0","0","0","0","0","Updated 12/12/01 by JHW and MCC"
863,327,1899-12-30 21:02:00,"3","2","0","0","0","0","0","0","0","0","0","0","0","0","0","0","0","0","0","0","0","0","0","0","0","0","0","0","0","0",
864,331,1899-12-30 21:49:00,"3","2","0","0","0","0","0","0","0","0","0","0","3","1","0","0","0","0","0","0","0","0","0","0","0","0","2","1","0","0",
865,326,1899-12-30 22:11:00,"2","1","0","0","0","0","2","1","0","0","0","0","2","1","0","0","0","0","0","0","0","0","0","0","0","0","0","0","0","0",
866,330,1899-12-30 22:43:00,"0","0","0","0","0","0","3","2","0","0","0","0","0","0","0","0","0","0","0","0","0","0","0","0","0","0","0","0","0","0",
867,325,1899-12-30 22:40:00,"2","2","0","0","0","0","0","0","0","0","0","0","4","1","0","0","0","0","0","0","0","0","0","0","0","0","2","1","0","0",
868,329,1899-12-30 23:19:00,"0","0","0","0","0","0","0","0","0","0","0","0","3","2","0","0","0","0","2","1","0","0","0","0","0","0","0","0","0","0",
869,337,1899-12-30 20:53:00,"4","3","0","0","0","0","0","0","0","0","0","0","4","2","0","0","0","0","0","0","0","0","0","0","0","0","3","2","0","0",
870,339,1899-12-30 20:50:00,"4","2","0","0","0","0","0","0","0","0","3","2","4","3","0","0","0","0","4","3","0","0","0","0","0","0","1","1","0","0",
871,336,1899-12-30 21:44:00,"0","0","0","0","0","0","0","0","0","0","2","2","2","1","0","0","0","0","0","0","4","2","0","0","0","0","0","0","0","0",
872,335,1899-12-30 22:18:00,"0","0","0","0","0","0","0","0","0","0","2","1","0","0","0","0","0","0","0","0","0","0","0","0","0","0","0","0","0","0",
873,338,1899-12-30 22:26:00,"3","2","0","0","0","0","0","0","0","0","0","0","4","3","0","0","0","0","0","0","0","0","0","0","0","0","1","1","1","1",
874,334,1899-12-30 20:35:00,"3","2","0","0","0","0","0","0","0","0","0","0","2","1","0","0","0","0","2","1","0","0","0","0","0","0","2","1","0","0",
875,333,1899-12-30 21:53:00,"2","1","0","0","0","0","0","0","0","0","0","0","2","2","0","0","0","0","0","0","0","0","0","0","0","0","0","0","0","0",
876,343,1899-12-30 20:48:00,"0","0","0","0","0","0","0","0","0","0","0","0","2","1","0","0","0","0","0","0","0","0","0","0","0","0","2","1","0","0","Crickets at end"
877,342,1899-12-30 21:33:00,"0","0","0","0","0","0","0","0","0","0","0","0","2","1","0","0","0","0","0","0","0","0","0","0","0","0","2","1","0","0",
878,341,1899-12-30 22:20:00,"2","1","0","0","0","0","0","0","0","0","0","0","2","1","0","0","0","0","0","0","0","0","0","0","0","0","2","1","0","0",
879,340,1899-12-30 23:04:00,"2","1","0","0","0","0","0","0","0","0","0","0","2","1","0","0","0","0","0","0","0","0","0","0","0","0","2","1","0","0",
880,401,1899-12-30 20:58:00,"4","2","0","0","0","0","0","0","0","0","0","0","0","0","0","0","0","0","0","0","0","0","0","0","0","0","0","0","0","0",
881,400,1899-12-30 21:30:00,"2","1","0","0","0","0","0","0","0","0","0","0","1","1","0","0","0","0","0","0","0","0","0","0","0","0","2","1","0","0",
882,346,1899-12-30 22:55:00,"4","3","0","0","0","0","0","0","0","0","0","0","0","0","0","0","0","0","0","0","0","0","0","0","0","0","4","2","0","0",
883,345,1899-12-30 23:28:00,"4","3","0","0","0","0","0","0","0","0","0","0","2","1","0","0","0","0","0","0","0","0","0","0","0","0","4","2","0","0",
884,344,1899-12-30 23:56:00,"4","3","0","0","0","0","0","0","0","0","0","0","0","0","0","0","0","0","0","0","0","0","0","0","0","0","4","2","0","0",
885,402,1899-12-30 20:18:00,"1","1","0","0","0","0","0","0","0","0","0","0","0","0","0","0","0","0","0","0","0","0","0","0","0","0","1","1","0","0",
886,408,1899-12-30 20:01:00,"0","0","0","0","0","0","0","0","0","0","0","0","0","0","0","0","0","0","0","0","1","1","0","0","0","0","0","0","0","0",
887,407,1899-12-30 20:15:00,"0","0","0","0","0","0","0","0","0","0","0","0","0","0","0","0","0","0","0","0","0","0","0","0","0","0","0","0","0","0",
888,406,1899-12-30 20:50:00,"0","0","0","0","0","0","0","0","0","0","0","0","0","0","0","0","0","0","0","0","0","0","0","0","0","0","0","0","0","0",
889,405,1899-12-30 21:20:00,"0","0","0","0","0","0","0","0","0","0","0","0","0","0","0","0","0","0","0","0","0","0","0","0","0","0","0","0","0","0",
890,404,1899-12-30 21:56:00,"0","0","0","0","0","0","0","0","0","0","0","0","0","0","0","0","0","0","0","0","0","0","0","0","0","0","0","0","0","0",
891,403,1899-12-30 22:31:00,"0","0","0","0","0","0","0","0","0","0","0","0","0","0","0","0","0","0","0","0","0","0","0","0","0","0","0","0","0","0",
892,409,1899-12-30 21:00:00,"0","0","0","0","0","0","0","0","0","0","0","0","0","0","0","0","0","0","0","0","0","0","0","0","0","0","0","0","0","0",
893,410,1899-12-30 22:00:00,"0","0","0","0","0","0","0","0","0","0","0","0","0","0","0","0","0","0","0","0","0","0","0","0","0","0","0","0","0","0",
894,411,1899-12-30 19:30:00,"0","0","0","0","0","0","0","0","0","0","0","0","0","0","0","0","0","0","0","0","0","0","0","0","0","0","0","0","0","0",
895,412,1899-12-30 19:30:00,"0","0","0","0","0","0","0","0","0","0","0","0","0","0","0","0","0","0","0","0","0","0","0","0","0","0","0","0","0","0",
896,416,1899-12-30 20:30:00,"0","0","0","0","0","0","0","0","0","0","0","0","0","0","0","0","0","0","0","0","0","0","0","0","0","0","0","0","1","1",
897,417,1899-12-30 19:47:00,"0","0","0","0","0","0","0","0","0","0","0","0","0","0","0","0","0","0","0","0","0","0","0","0","0","0","0","0","0","0",
898,413,1899-12-30 22:10:00,"0","0","0","0","0","0","0","0","0","0","0","0","0","0","0","0","0","0","0","0","0","0","0","0","0","0","0","0","3","1",
899,414,1899-12-30 21:40:00,"0","0","0","0","0","0","0","0","0","0","0","0","0","0","0","0","0","0","0","0","0","0","0","0","0","0","0","0","2","1",
900,415,1899-12-30 21:14:00,"0","0","0","0","0","0","0","0","0","0","0","0","0","0","0","0","0","0","0","0","0","0","0","0","0","0","0","0","3","1",
901,420,1899-12-30 20:00:00,"0","0","0","0","0","0","0","0","0","0","0","0","0","0","0","0","0","0","0","0","0","0","0","0","0","0","0","0","0","0",
902,423,1899-12-30 19:45:00,"0","0","0","0","0","0","0","0","0","0","0","0","0","0","0","0","0","0","0","0","0","0","0","0","0","0","0","0","0","0",
903,418,1899-12-30 21:15:00,"0","0","0","0","0","0","0","0","0","0","0","0","0","0","0","0","0","0","0","0","0","0","0","0","0","0","0","0","0","0",
904,424,1899-12-30 20:30:00,"0","0","0","0","0","0","0","0","0","0","0","0","0","0","0","0","0","0","0","0","0","0","0","0","0","0","0","0","0","0",
905,422,1899-12-30 19:00:00,"0","0","0","0","0","0","0","0","0","0","0","0","0","0","0","0","0","0","0","0","0","0","0","0","0","0","0","0","0","0",
906,419,1899-12-30 20:30:00,"0","0","0","0","0","0","0","0","0","0","0","0","0","0","0","0","0","0","0","0","0","0","0","0","0","0","0","0","0","0",
907,421,1899-12-30 19:00:00,"0","0","0","0","0","0","0","0","0","0","0","0","0","0","0","0","0","0","0","0","0","0","0","0","0","0","0","0","2","1",
908,425,1899-12-30 21:20:00,"0","0","0","0","0","0","0","0","0","0","0","0","0","0","0","0","0","0","0","0","0","0","0","0","0","0","0","0","3","1",
909,426,1899-12-30 18:30:00,"0","0","0","0","0","0","0","0","0","0","0","0","0","0","0","0","0","0","0","0","0","0","0","0","0","0","0","0","0","0",
910,429,1899-12-30 21:30:00,"0","0","0","0","0","0","0","0","0","0","0","0","0","0","0","0","0","0","0","0","0","0","0","0","0","0","0","0","0","0",
911,428,1899-12-30 20:30:00,"0","0","0","0","0","0","0","0","0","0","0","0","0","0","0","0","0","0","0","0","0","0","0","0","0","0","0","0","0","0",
912,427,1899-12-30 19:45:00,"0","0","0","0","0","0","0","0","0","0","0","0","0","0","0","0","0","0","0","0","0","0","0","0","0","0","0","0","0","0",
913,432,1899-12-30 19:52:00,"0","0","0","0","0","0","0","0","0","0","0","0","0","0","0","0","0","0","0","0","0","0","0","0","0","0","0","0","0","0",
914,433,1899-12-30 21:01:00,"0","0","0","0","0","0","0","0","0","0","0","0","0","0","0","0","0","0","0","0","0","0","0","0","0","0","0","0","0","0",
915,430,1899-12-30 19:30:00,"0","0","0","0","0","0","0","0","0","0","0","0","0","0","0","0","0","0","0","0","0","0","0","0","0","0","0","0","0","0",
916,431,1899-12-30 20:35:00,"0","0","0","0","0","0","0","0","0","0","0","0","0","0","0","0","0","0","0","0","0","0","0","0","0","0","0","0","4","1",
917,434,1899-12-30 21:40:00,"0","0","0","0","0","0","0","0","0","0","0","0","0","0","0","0","0","0","0","0","0","0","0","0","0","0","0","0","0","0",
918,437,1899-12-30 20:30:00,"0","0","0","0","0","0","0","0","0","0","0","0","0","0","0","0","0","0","0","0","0","0","0","0","0","0","0","0","0","0",
919,438,1899-12-30 20:10:00,"0","0","0","0","0","0","0","0","0","0","0","0","0","0","0","0","0","0","0","0","0","0","0","0","0","0","0","0","0","0",
920,435,1899-12-30 19:20:00,"0","0","0","0","0","0","0","0","0","0","0","0","0","0","0","0","0","0","0","0","0","0","0","0","0","0","0","0","2","1",
921,436,1899-12-30 18:45:00,"0","0","0","0","0","0","0","0","0","0","0","0","0","0","0","0","0","0","0","0","0","0","0","0","0","0","0","0","2","1",
922,440,1899-12-30 20:55:00,"0","0","0","0","0","0","0","0","0","0","0","0","0","0","0","0","0","0","0","0","0","0","0","0","0","0","0","0","0","0",
923,439,1899-12-30 20:10:00,"0","0","0","0","0","0","0","0","0","0","0","0","0","0","0","0","0","0","0","0","0","0","0","0","0","0","0","0","0","0",
924,441,1899-12-30 19:25:00,"0","0","0","0","0","0","0","0","0","0","0","0","0","0","0","0","0","0","0","0","0","0","0","0","0","0","0","0","0","0",
925,443,1899-12-30 20:52:00,"0","0","0","0","0","0","0","0","0","0","0","0","0","0","0","0","0","0","0","0","0","0","0","0","0","0","0","0","0","0",
926,442,1899-12-30 20:13:00,"0","0","0","0","0","0","0","0","0","0","0","0","0","0","0","0","0","0","0","0","0","0","0","0","0","0","0","0","0","0",
927,448,1899-12-30 19:00:00,"0","0","0","0","0","0","0","0","0","0","0","0","0","0","0","0","0","0","0","0","0","0","0","0","0","0","0","0","0","0",
928,444,1899-12-30 21:25:00,"0","0","0","0","0","0","0","0","0","0","0","0","0","0","0","0","0","0","0","0","0","0","0","0","0","0","3","1","1","1",
929,445,1899-12-30 20:46:00,"0","0","0","0","0","0","0","0","0","0","0","0","0","0","0","0","0","0","0","0","0","0","0","0","0","0","1","1","0","0",
930,446,1899-12-30 20:20:00,"0","0","0","0","0","0","0","0","0","0","0","0","0","0","0","0","0","0","0","0","0","0","0","0","0","0","0","0","2","1",
931,447,1899-12-30 19:38:00,"0","0","0","0","0","0","0","0","0","0","0","0","0","0","0","0","0","0","0","0","0","0","0","0","0","0","0","0","0","0",
932,349,1899-12-30 19:40:00,"0","0","0","0","0","0","0","0","0","0","0","0","0","0","0","0","0","0","0","0","0","0","0","0","0","0","0","0","0","0",
933,347,1899-12-30 21:05:00,"0","0","0","0","0","0","0","0","0","0","0","0","0","0","0","0","0","0","0","0","0","0","0","0","0","0","0","0","0","0",
934,348,1899-12-30 20:22:00,"0","0","0","0","0","0","0","0","0","0","0","0","0","0","0","0","0","0","0","0","0","0","0","0","0","0","0","0","0","0",
935,350,1899-12-30 19:03:00,"0","0","0","0","0","0","0","0","0","0","0","0","0","0","0","0","0","0","0","0","0","0","0","0","0","0","0","0","0","0",
936,354,1899-12-30 19:43:00,"0","0","0","0","0","0","0","0","0","0","0","0","0","0","0","0","0","0","0","0","0","0","0","0","0","0","0","0","0","0",
937,353,1899-12-30 21:00:00,"0","0","0","0","0","0","0","0","0","0","0","0","0","0","0","0","0","0","0","0","0","0","0","0","0","0","0","0","0","0",
938,352,1899-12-30 18:20:00,"0","0","0","0","0","0","0","0","0","0","0","0","0","0","0","0","0","0","0","0","0","0","0","0","0","0","0","0","0","0",
939,351,1899-12-30 18:20:00,"0","0","0","0","0","0","0","0","0","0","0","0","0","0","0","0","0","0","0","0","0","0","0","0","0","0","0","0","0","0",
940,250,1899-12-30 21:50:00,"0","0","0","0","0","0","0","0","0","0","0","0","0","0","0","0","0","0","0","0","0","0","0","0","0","0","0","0","0","0",
941,248,1899-12-30 22:00:00,"0","0","1","1","0","0","0","0","0","0","0","0","0","0","0","0","0","0","0","0","0","0","0","0","0","0","0","0","0","0",
942,247,1899-12-30 21:20:00,"0","0","0","0","0","0","0","0","0","0","0","0","0","0","0","0","0","0","0","0","0","0","0","0","0","0","0","0","0","0",
943,249,1899-12-30 23:20:00,"0","0","0","0","0","0","0","0","0","0","0","0","0","0","0","0","0","0","0","0","0","0","0","0","0","0","0","0","0","0",
944,251,1899-12-30 22:45:00,"0","0","0","0","0","0","0","0","0","0","0","0","0","0","0","0","0","0","0","0","0","0","0","0","0","0","0","0","2","1",
945,252,1899-12-30 19:30:00,"0","0","0","0","0","0","0","0","0","0","0","0","0","0","0","0","0","0","0","0","0","0","0","0","0","0","0","0","0","0",
946,359,1899-12-30 19:56:00,"0","0","0","0","0","0","0","0","0","0","0","0","0","0","0","0","0","0","0","0","0","0","0","0","0","0","0","0","0","0",
947,358,1899-12-30 20:20:00,"0","0","0","0","0","0","0","0","0","0","0","0","0","0","0","0","0","0","0","0","0","0","0","0","0","0","0","0","0","0",
948,253,1899-12-30 19:33:00,"0","0","0","0","0","0","0","0","0","0","0","0","0","0","0","0","0","0","0","0","0","0","0","0","0","0","0","0","0","0",
949,360,1899-12-30 21:16:00,"0","0","0","0","0","0","0","0","0","0","0","0","0","0","0","0","0","0","0","0","0","0","0","0","0","0","0","0","0","0",
950,361,1899-12-30 18:43:00,"0","0","0","0","0","0","0","0","0","0","0","0","0","0","0","0","0","0","0","0","0","0","0","0","0","0","0","0","0","0",
951,363,1899-12-30 19:32:00,"0","0","0","0","0","0","0","0","0","0","0","0","0","0","0","0","0","0","0","0","0","0","0","0","0","0","0","0","0","0",
952,362,1899-12-30 20:30:00,"0","0","0","0","0","0","0","0","0","0","0","0","0","0","0","0","0","0","0","0","0","0","0","0","0","0","0","0","0","0",
953,258,1899-12-30 18:57:00,"0","0","0","0","0","0","0","0","0","0","0","0","0","0","0","0","0","0","0","0","0","0","0","0","0","0","0","0","0","0",
954,257,1899-12-30 20:05:00,"0","0","0","0","0","0","0","0","0","0","0","0","0","0","0","0","0","0","0","0","0","0","0","0","0","0","0","0","0","0",
955,256,1899-12-30 20:42:00,"0","0","0","0","0","0","0","0","0","0","0","0","0","0","0","0","0","0","0","0","0","0","0","0","0","0","0","0","1","1",
956,255,1899-12-30 21:28:00,"0","0","0","0","0","0","0","0","0","0","0","0","0","0","0","0","0","0","0","0","0","0","0","0","0","0","0","0","0","0",
957,254,1899-12-30 22:02:00,"0","0","0","0","0","0","0","0","0","0","0","0","0","0","0","0","0","0","0","0","0","0","0","0","0","0","0","0","0","0",
958,268,1899-12-30 21:07:00,"0","0","0","0","0","0","0","0","0","0","0","0","0","0","0","0","0","0","0","0","0","0","0","0","0","0","0","0","0","0",
959,267,1899-12-30 18:24:00,"0","0","0","0","0","0","0","0","0","0","0","0","0","0","0","0","0","0","0","0","0","0","0","0","0","0","0","0","0","0",
960,266,1899-12-30 19:00:00,"0","0","0","0","0","0","0","0","0","0","0","0","0","0","0","0","0","0","0","0","0","0","0","0","0","0","0","0","0","0",
961,265,1899-12-30 19:36:00,"0","0","0","0","0","0","0","0","0","0","0","0","0","0","0","0","0","0","0","0","0","0","0","0","0","0","0","0","0","0",
962,264,1899-12-30 20:08:00,"0","0","0","0","0","0","0","0","0","0","0","0","0","0","0","0","0","0","0","0","0","0","0","0","0","0","0","0","0","0",
963,357,1899-12-30 21:07:00,"0","0","0","0","0","0","0","0","0","0","0","0","0","0","0","0","0","0","0","0","0","0","0","0","0","0","0","0","0","0",
964,263,1899-12-30 21:30:00,"0","0","0","0","0","0","0","0","0","0","0","0","0","0","0","0","0","0","0","0","0","0","0","0","0","0","0","0","0","0",
965,356,1899-12-30 22:27:00,"0","0","0","0","0","0","0","0","0","0","0","0","0","0","0","0","0","0","0","0","0","0","0","0","0","0","0","0","0","0",
966,262,1899-12-30 20:57:00,"0","0","0","0","0","0","0","0","0","0","0","0","0","0","0","0","0","0","0","0","0","0","0","0","0","0","0","0","0","0",
967,355,1899-12-30 19:34:00,"0","0","0","0","0","0","0","0","0","0","0","0","0","0","0","0","0","0","0","0","0","0","0","0","0","0","2","1","0","0",
968,261,1899-12-30 19:14:00,"0","0","0","0","0","0","0","0","0","0","0","0","0","0","0","0","0","0","0","0","0","0","0","0","0","0","1","1","0","0",
969,270,1899-12-30 20:08:00,"0","0","0","0","0","0","0","0","0","0","0","0","0","0","0","0","0","0","0","0","0","0","0","0","0","0","0","0","0","0",
970,260,1899-12-30 20:42:00,"0","0","0","0","0","0","0","0","0","0","0","0","0","0","0","0","0","0","0","0","0","0","0","0","0","0","1","1","0","0",
971,259,1899-12-30 20:07:00,"0","0","0","0","0","0","0","0","0","0","0","0","0","0","0","0","0","0","0","0","0","0","0","0","0","0","0","0","0","0","No frogs calling"
972,269,1899-12-30 21:23:00,"0","0","0","0","0","0","0","0","0","0","0","0","0","0","0","0","0","0","0","0","0","0","0","0","0","0","0","0","0","0",
973,364,1899-12-30 21:54:00,"0","0","0","0","0","0","0","0","0","0","0","0","0","0","0","0","0","0","0","0","0","0","0","0","0","0","1","1","0","0",
974,368,1899-12-30 20:26:00,"0","0","0","0","0","0","0","0","0","0","0","0","0","0","0","0","0","0","0","0","0","0","0","0","0","0","0","0","0","0",
975,377,1899-12-30 21:20:00,"0","0","0","0","0","0","0","0","0","0","0","0","0","0","0","0","0","0","0","0","0","0","0","0","0","0","0","0","1","1",
976,367,1899-12-30 22:26:00,"0","0","0","0","0","0","0","0","0","0","0","0","0","0","0","0","0","0","0","0","0","0","0","0","0","0","0","0","3","3",
977,366,1899-12-30 23:30:00,"0","0","0","0","0","0","0","0","0","0","0","0","0","0","0","0","0","0","0","0","0","0","0","0","0","0","0","0","3","1",
978,384,1899-12-30 18:46:00,"0","0","0","0","0","0","0","0","0","0","0","0","0","0","0","0","0","0","0","0","0","0","0","0","0","0","0","0","0","0",
979,385,1899-12-30 20:32:00,"0","0","0","0","0","0","0","0","0","0","0","0","0","0","0","0","0","0","0","0","0","0","0","0","0","0","0","0","0","0",
980,386,1899-12-30 19:44:00,"0","0","0","0","0","0","0","0","0","0","0","0","0","0","0","0","0","0","0","0","0","0","0","0","0","0","0","0","0","0",
981,372,1899-12-30 18:34:00,"0","0","0","0","0","0","0","0","0","0","0","0","0","0","0","0","0","0","0","0","0","0","0","0","0","0","0","0","0","0",
982,371,1899-12-30 19:39:00,"0","0","1","2","0","0","0","0","0","0","0","0","0","0","0","0","0","0","0","0","0","0","0","0","0","0","0","0","0","0",
983,370,1899-12-30 20:28:00,"0","0","0","0","0","0","0","0","0","0","0","0","0","0","0","0","0","0","0","0","0","0","0","0","0","0","0","0","0","0",
984,369,1899-12-30 20:54:00,"0","0","0","0","0","0","0","0","0","0","0","0","0","0","0","0","0","0","0","0","0","0","0","0","0","0","0","0","0","0",
985,380,1899-12-30 21:23:00,"0","0","0","0","0","0","0","0","0","0","0","0","0","0","0","0","0","0","0","0","0","0","0","0","0","0","0","0","0","0","Sprinkled rain during part of survey."
986,381,1899-12-30 20:36:00,"0","0","0","0","0","0","0","0","0","0","0","0","0","0","0","0","0","0","0","0","0","0","0","0","0","0","0","0","0","0",
987,382,1899-12-30 19:37:00,"0","0","0","0","0","0","0","0","0","0","0","0","0","0","0","0","0","0","0","0","0","0","0","0","0","0","0","0","0","0",
988,383,1899-12-30 18:50:00,"0","0","0","0","0","0","0","0","0","0","0","0","0","0","0","0","0","0","0","0","0","0","0","0","0","0","0","0","0","0",
989,376,1899-12-30 18:50:00,"0","0","0","0","0","0","0","0","0","0","0","0","0","0","0","0","0","0","0","0","0","0","0","0","0","0","0","0","0","0",
990,375,1899-12-30 19:39:00,"0","0","0","0","0","0","0","0","0","0","0","0","0","0","0","0","0","0","0","0","0","0","0","0","0","0","0","0","0","0",
991,374,1899-12-30 20:34:00,"0","0","0","0","0","0","0","0","0","0","0","0","0","0","0","0","0","0","0","0","0","0","0","0","0","0","0","0","0","0",
992,373,1899-12-30 21:28:00,"0","0","0","0","0","0","0","0","0","0","0","0","0","0","0","0","0","0","0","0","0","0","0","0","0","0","0","0","0","0",
993,379,1899-12-30 18:42:00,"0","0","0","0","0","0","0","0","0","0","0","0","0","0","0","0","0","0","0","0","0","0","0","0","0","0","0","0","2","1",
994,378,1899-12-30 19:44:00,"0","0","0","0","0","0","0","0","0","0","0","0","0","0","0","0","0","0","0","0","0","0","0","0","0","0","0","0","1","1",
995,389,1899-12-30 18:27:00,"0","0","0","0","0","0","0","0","0","0","0","0","0","0","0","0","0","0","0","0","0","0","0","0","0","0","0","0","0","0",
996,388,1899-12-30 19:46:00,"0","0","0","0","0","0","0","0","0","0","0","0","0","0","0","0","0","0","0","0","0","0","0","0","0","0","0","0","0","0",
997,387,1899-12-30 20:36:00,"0","0","1","1","0","0","0","0","0","0","0","0","0","0","0","0","0","0","0","0","0","0","0","0","0","0","0","0","0","0",
998,394,1899-12-30 21:11:00,"0","0","0","0","0","0","0","0","0","0","0","0","0","0","0","0","0","0","0","0","0","0","0","0","0","0","0","0","0","0",
999,393,1899-12-30 21:53:00,"0","0","0","0","0","0","0","0","0","0","0","0","0","0","0","0","0","0","0","0","0","0","0","0","0","0","2","1","1","1",
1000,392,1899-12-30 19:12:00,"0","0","0","0","0","0","0","0","0","0","0","0","0","0","0","0","0","0","0","0","0","0","0","0","0","0","0","0","0","0",
1001,391,1899-12-30 19:48:00,"0","0","0","0","0","0","0","0","0","0","0","0","0","0","0","0","0","0","0","0","0","0","0","0","0","0","2","1","0","0",
1002,390,1899-12-30 22:28:00,"0","0","0","0","0","0","0","0","0","0","0","0","0","0","0","0","0","0","0","0","0","0","0","0","0","0","0","0","0","0",
1003,449,1899-12-30 19:15:00,"0","0","0","0","0","0","0","0","0","0","0","0","0","0","0","0","0","0","0","0","0","0","0","0","0","0","0","0","0","0",
1004,399,1899-12-30 19:42:00,"0","0","0","0","0","0","0","0","0","0","0","0","0","0","0","0","0","0","0","0","0","0","0","0","0","0","0","0","0","0",
1005,398,1899-12-30 20:15:00,"0","0","0","0","0","0","0","0","0","0","0","0","0","0","0","0","0","0","0","0","0","0","0","0","0","0","0","0","0","0",
1006,397,1899-12-30 21:00:00,"0","0","0","0","0","0","0","0","0","0","0","0","0","0","0","0","0","0","0","0","0","0","0","0","0","0","1","1","0","0",
1007,451,1899-12-30 19:09:00,"0","0","0","0","0","0","0","0","0","0","0","0","0","0","0","0","0","0","0","0","0","0","0","0","0","0","0","0","0","0",
1008,453,1899-12-30 18:21:00,"0","0","0","0","0","0","0","0","0","0","0","0","0","0","0","0","0","0","0","0","0","0","0","0","0","0","0","0","0","0",
1009,450,1899-12-30 20:03:00,"0","0","1","1","0","0","0","0","0","0","0","0","0","0","0","0","0","0","0","0","0","0","0","0","0","0","0","0","0","0",
1010,452,1899-12-30 20:30:00,"0","0","0","0","0","0","0","0","0","0","0","0","0","0","0","0","0","0","0","0","0","0","0","0","0","0","0","0","0","0",
1011,454,1899-12-30 18:30:00,"0","0","0","0","0","0","0","0","0","0","0","0","0","0","0","0","0","0","0","0","0","0","0","0","0","0","0","0","0","0",
1012,455,1899-12-30 19:00:00,"0","0","0","0","0","0","0","0","0","0","0","0","0","0","0","0","0","0","0","0","0","0","0","0","0","0","0","0","2","1",
1013,456,1899-12-30 19:30:00,"0","0","0","0","0","0","0","0","0","0","0","0","0","0","0","0","0","0","0","0","0","0","0","0","0","0","0","0","2","1",
1014,457,1899-12-30 19:50:00,"0","0","0","0","0","0","0","0","0","0","0","0","0","0","0","0","0","0","0","0","0","0","0","0","0","0","1","1","0","0",
1015,460,1899-12-30 21:08:00,"0","0","0","0","0","0","0","0","0","0","0","0","5","3","0","0","0","0","5","3","0","0","4","2","0","0","0","0","0","0",
1016,459,1899-12-30 22:57:00,"5","3","0","0","0","0","0","0","0","0","0","0","5","3","0","0","0","0","0","0","0","0","0","0","0","0","3","2","0","0",
1017,559,1899-12-30 20:58:00,"0","0","0","0","0","0","0","0","2","1","0","0","0","0","0","0","0","0","1","1","0","0","0","0","0","0","0","0","0","0","1569"
1018,560,1899-12-30 21:30:00,"2","1","0","0","0","0","0","0","2","1","0","0","4","1","0","0","0","0","0","0","0","0","0","0","0","0","3","2","0","0","1566"
1019,561,1899-12-30 22:16:00,"0","0","0","0","0","0","0","0","0","0","0","0","5","3","0","0","0","0","0","0","0","0","0","0","0","0","3","2","0","0","1567"
1020,562,1899-12-30 23:07:00,"0","0","0","0","0","0","0","0","2","1","0","0","5","3","0","0","0","0","0","0","0","0","0","0","0","0","1","1","0","0","1568"
1021,563,1899-12-30 20:56:00,"5","3","0","0","0","0","0","0","0","0","0","0","5","3","0","0","0","0","0","0","0","0","0","0","0","0","4","3","0","0","1975"
1022,564,1899-12-30 21:31:00,"5","3","0","0","0","0","0","0","0","0","0","0","5","3","0","0","0","0","0","0","0","0","0","0","0","0","4","3","0","0","2008"
1023,565,1899-12-30 22:37:00,"5","3","0","0","0","0","0","0","2","1","3","1","5","3","0","0","0","0","0","0","0","0","0","0","0","0","4","3","0","0","1767"
1024,566,1899-12-30 23:19:00,"5","3","0","0","0","0","0","0","0","0","0","0","5","3","0","0","0","0","0","0","0","0","0","0","0","0","4","3","0","0","1933"
1025,567,1899-12-30 23:45:00,"5","3","0","0","0","0","0","0","0","0","0","0","5","3","0","0","0","0","0","0","0","0","0","0","0","0","4","3","0","0","1872"
1026,464,1899-12-30 22:50:00,"4","3","0","0","0","0","0","0","0","0","0","0","4","3","0","0","0","0","0","0","0","0","0","0","0","0","2","2","0","0",
1027,463,1899-12-30 22:10:00,"4","3","0","0","0","0","0","0","0","0","0","0","4","3","0","0","0","0","0","0","0","0","0","0","0","0","2","2","0","0",
1028,461,1899-12-30 20:40:00,"3","1","0","0","0","0","0","0","0","0","0","0","3","2","0","0","0","0","0","0","0","0","0","0","0","0","1","1","0","0",
1029,462,1899-12-30 21:27:00,"4","3","0","0","0","0","0","0","0","0","0","0","4","3","0","0","0","0","0","0","0","0","0","0","0","0","2","2","0","0",
1030,468,1899-12-30 20:25:00,"4","2","0","0","0","0","0","0","2","2","0","0","2","2","0","0","0","0","3","2","0","0","0","0","0","0","1","1","0","0",
1031,466,1899-12-30 23:15:00,"4","3","0","0","0","0","0","0","0","0","0","0","2","2","0","0","0","0","0","0","0","0","0","0","0","0","1","1","0","0",
1032,465,1899-12-30 22:20:00,"4","2","0","0","0","0","0","0","0","0","0","0","4","3","0","0","0","0","0","0","0","0","0","0","0","0","0","0","0","0",
1033,467,1899-12-30 21:25:00,"0","0","0","0","0","0","0","0","0","0","5","3","0","0","0","0","0","0","0","0","0","0","0","0","0","0","0","0","0","0",
1034,469,1899-12-30 23:10:00,"0","0","0","0","0","0","0","0","0","0","0","0","0","0","0","0","0","0","0","0","0","0","0","0","0","0","0","0","0","0",
1035,471,1899-12-30 21:30:00,"4","3","0","0","0","0","0","0","0","0","0","0","1","1","0","0","0","0","0","0","0","0","0","0","0","0","2","2","0","0",
1036,470,1899-12-30 20:40:00,"4","3","0","0","0","0","0","0","0","0","0","0","0","0","0","0","0","0","0","0","0","0","0","0","0","0","2","1","0","0",
1037,472,1899-12-30 21:15:00,"4","3","0","0","0","0","0","0","0","0","0","0","3","1","0","0","0","0","1","1","0","0","0","0","0","0","2","2","0","0",
1038,474,1899-12-30 22:55:00,"0","0","0","0","0","0","0","0","1","1","0","0","0","0","0","0","0","0","0","0","0","0","0","0","0","0","0","0","0","0",
1039,473,1899-12-30 21:50:00,"0","0","0","0","0","0","0","0","2","2","0","0","0","0","0","0","0","0","0","0","0","0","0","0","0","0","0","0","0","0",
1040,475,1899-12-30 20:45:00,"3","2","0","0","0","0","0","0","0","0","0","0","0","0","0","0","0","0","0","0","0","0","0","0","0","0","2","2","0","0",
1041,478,1899-12-30 21:45:00,"4","3","0","0","0","0","0","0","0","0","0","0","4","3","0","0","0","0","2","2","0","0","0","0","0","0","3","3","0","0",
1042,476,1899-12-30 20:33:00,"0","0","0","0","0","0","0","0","0","0","0","0","0","0","0","0","0","0","0","0","0","0","0","0","0","0","0","0","0","0",
1043,477,1899-12-30 21:10:00,"3","2","0","0","0","0","0","0","0","0","0","0","0","0","0","0","0","0","0","0","0","0","0","0","0","0","2","2","0","0",
1044,479,1899-12-30 23:30:00,"4","2","0","0","0","0","0","0","0","0","0","0","0","0","0","0","0","0","0","0","0","0","0","0","0","0","1","1","0","0",
1045,481,1899-12-30 21:12:00,"3","2","1","1","0","0","0","0","0","0","0","0","1","1","0","0","0","0","0","0","0","0","0","0","0","0","1","2","0","0",
1046,480,1899-12-30 22:11:00,"4","3","0","0","0","0","0","0","0","0","0","0","2","1","0","0","0","0","2","2","0","0","0","0","0","0","2","2","0","0",
1047,483,1899-12-30 22:40:00,"0","0","0","0","0","0","0","0","1","1","0","0","0","0","0","0","0","0","0","0","0","0","0","0","0","0","0","0","0","0",
1048,482,1899-12-30 23:25:00,"0","0","0","0","0","0","0","0","2","1","0","0","0","0","0","0","0","0","0","0","0","0","0","0","0","0","1","1","0","0",
1049,484,1899-12-30 21:40:00,"1","1","0","0","0","0","0","0","0","0","0","0","4","2","0","0","0","0","0","0","0","0","0","0","0","0","0","0","0","0",
1050,485,1899-12-30 20:50:00,"0","0","0","0","0","0","0","0","0","0","0","0","5","3","0","0","0","0","4","3","0","0","0","0","0","0","0","0","0","0",
1051,486,1899-12-30 22:55:00,"0","0","0","0","0","0","0","0","1","1","0","0","0","0","0","0","0","0","0","0","0","0","2","2","0","0","1","1","0","0",
1052,488,1899-12-30 21:35:00,"4","3","0","0","0","0","0","0","0","0","0","0","2","1","0","0","0","0","0","0","0","0","0","0","0","0","2","1","0","0",
1053,489,1899-12-30 20:50:00,"4","3","0","0","0","0","0","0","0","0","0","0","0","0","0","0","0","0","2","1","0","0","0","0","0","0","3","3","0","0",
1054,487,1899-12-30 22:15:00,"4","3","0","0","0","0","0","0","0","0","0","0","2","2","0","0","0","0","0","0","0","0","0","0","0","0","2","2","0","0",
1055,568,1899-12-30 20:54:00,"4","2","0","0","0","0","0","0","0","0","0","0","5","3","0","0","0","0","0","0","0","0","0","0","0","0","4","2","0","0","1975"
1056,569,1899-12-30 21:41:00,"4","2","0","0","0","0","0","0","0","0","0","0","5","3","0","0","0","0","0","0","0","0","0","0","0","0","4","2","0","0","2008"
1057,570,1899-12-30 22:21:00,"0","0","0","0","0","0","0","0","0","0","3","1","5","2","0","0","0","0","0","0","0","0","0","0","0","0","3","1","0","0","1767"
1058,571,1899-12-30 23:41:00,"3","2","0","0","0","0","0","0","0","0","0","0","4","2","0","0","0","0","0","0","0","0","0","0","0","0","4","2","0","0","1933"
1059,572,1899-12-30 0:35:00,"4","3","0","0","0","0","0","0","0","0","0","0","4","2","0","0","0","0","0","0","0","0","0","0","0","0","3","1","0","0","1872"
1060,573,1899-12-30 20:51:00,"0","0","0","0","0","0","0","0","1","1","0","0","1","1","0","0","0","0","0","0","0","0","0","0","0","0","0","0","0","0","1626"
1061,574,1899-12-30 22:13:00,"0","0","0","0","0","0","0","0","1","1","0","0","5","3","0","0","0","0","0","0","0","0","0","0","0","0","2","1","0","0","1713"
1062,575,1899-12-30 23:08:00,"0","0","0","0","0","0","0","0","0","0","0","0","0","0","0","0","0","0","0","0","0","0","0","0","0","0","0","0","0","0","1673"
1063,576,1899-12-30 1:33:16,"0","0","0","0","0","0","0","0","0","0","0","0","0","0","0","0","0","0","0","0","0","0","0","0","0","0","0","0","0","0","1622"
1064,577,1899-12-30 0:49:00,"0","0","0","0","0","0","0","0","0","0","0","0","0","0","0","0","0","0","0","0","0","0","0","0","0","0","0","0","0","0","1654"
1065,493,1899-12-30 23:55:00,"3","2","0","0","0","0","0","0","0","0","0","0","2","1","0","0","0","0","0","0","0","0","0","0","0","0","2","2","0","0",
1066,492,1899-12-30 20:45:00,"2","1","0","0","0","0","0","0","0","0","0","0","4","3","0","0","0","0","3","3","0","0","0","0","0","0","2","2","0","0",
1067,491,1899-12-30 23:20:00,"4","3","0","0","0","0","0","0","0","0","0","0","4","3","0","0","0","0","4","3","0","0","0","0","0","0","2","1","0","0",
1068,490,1899-12-30 22:00:00,"0","0","0","0","0","0","0","0","0","0","0","0","4","3","0","0","0","0","4","3","0","0","0","0","0","0","3","3","0","0",
1069,497,1899-12-30 19:50:00,"4","3","0","0","0","0","0","0","0","0","0","0","0","0","0","0","0","0","0","0","0","0","0","0","0","0","3","2","0","0",
1070,494,1899-12-30 22:00:00,"4","3","0","0","0","0","0","0","0","0","0","0","0","0","0","0","0","0","0","0","0","0","0","0","0","0","2","1","0","0",
1071,496,1899-12-30 20:30:00,"5","3","0","0","0","0","0","0","0","0","0","0","0","0","0","0","0","0","0","0","0","0","0","0","0","0","3","2","0","0",
1072,495,1899-12-30 21:10:00,"4","3","0","0","0","0","0","0","0","0","0","0","1","1","0","0","0","0","0","0","0","0","0","0","0","0","2","2","0","0",
1073,578,1899-12-30 21:45:00,"0","0","0","0","0","0","0","0","0","0","0","0","5","3","0","0","0","0","0","0","0","0","0","0","0","0","3","1","0","0","1568"
1074,579,1899-12-30 22:35:00,"0","0","0","0","0","0","0","0","0","0","0","0","5","3","0","0","0","0","0","0","0","0","0","0","0","0","3","1","0","0","1567"
1075,580,1899-12-30 23:43:00,"0","0","0","0","0","0","2","1","0","0","0","0","5","3","0","0","0","0","0","0","0","0","0","0","0","0","0","0","0","0","1569"
1076,581,1899-12-30 0:18:00,"0","0","0","0","0","0","0","0","0","0","0","0","0","0","0","0","0","0","0","0","0","0","0","0","0","0","0","0","0","0","1566"
1077,498,1899-12-30 20:30:00,"0","0","0","0","0","0","0","0","0","0","0","0","0","0","0","0","0","0","0","0","0","0","4","3","0","0","0","0","0","0",
1078,502,1899-12-30 21:03:00,"0","0","0","0","0","0","0","0","0","0","0","0","0","0","0","0","0","0","0","0","0","0","0","0","0","0","0","0","0","0",
1079,499,1899-12-30 19:03:00,"2","2","0","0","0","0","0","0","0","0","0","0","0","0","0","0","0","0","0","0","0","0","0","0","0","0","2","1","0","0",
1080,500,1899-12-30 20:00:00,"3","3","0","0","0","0","0","0","0","0","0","0","1","1","0","0","0","0","0","0","0","0","0","0","0","0","2","2","0","0",
1081,501,1899-12-30 20:35:00,"4","3","0","0","0","0","0","0","0","0","0","0","2","1","0","0","0","0","0","0","0","0","0","0","0","0","2","3","0","0",
1082,582,1899-12-30 20:28:00,"0","0","0","0","0","0","0","0","0","0","0","0","0","0","0","0","0","0","0","0","0","0","0","0","0","0","0","0","0","0","1626"
1083,583,1899-12-30 21:54:00,"0","0","0","0","0","0","0","0","0","0","0","0","0","0","0","0","0","0","0","0","0","0","0","0","0","0","0","0","0","0","1713"
1084,584,1899-12-30 23:07:00,"0","0","0","0","0","0","0","0","0","0","0","0","0","0","0","0","0","0","0","0","0","0","0","0","0","0","0","0","0","0","1673"
1085,585,1899-12-30 23:33:00,"0","0","0","0","0","0","0","0","0","0","0","0","0","0","0","0","0","0","0","0","0","0","0","0","0","0","0","0","0","0","1654"
1086,506,1899-12-30 22:15:00,"2","2","0","0","0","0","0","0","0","0","0","0","4","3","0","0","0","0","0","0","0","0","0","0","0","0","1","1","0","0",
1087,503,1899-12-30 19:30:00,"0","0","0","0","0","0","0","0","0","0","0","0","0","0","0","0","0","0","0","0","0","0","0","0","0","0","0","0","0","0",
1088,505,1899-12-30 21:40:00,"2","1","0","0","0","0","0","0","0","0","0","0","5","3","0","0","0","0","0","0","0","0","0","0","0","0","0","0","0","0",
1089,504,1899-12-30 20:30:00,"1","1","0","0","0","0","0","0","0","0","0","0","0","0","0","0","0","0","0","0","0","0","0","0","0","0","1","1","0","0",
1090,586,1899-12-30 0:36:00,"0","0","1","1","0","0","0","0","0","0","0","0","0","0","0","0","0","0","0","0","0","0","0","0","0","0","0","0","0","0","1622"
1091,510,1899-12-30 22:20:00,"0","0","0","0","0","0","0","0","0","0","0","0","0","0","0","0","0","0","0","0","0","0","0","0","0","0","0","0","0","0",
1092,509,1899-12-30 21:20:00,"4","3","0","0","0","0","0","0","0","0","0","0","0","0","0","0","0","0","0","0","0","0","0","0","0","0","1","1","0","0",
1093,507,1899-12-30 19:45:00,"0","0","0","0","0","0","0","0","0","0","0","0","0","0","0","0","0","0","0","0","0","0","0","0","0","0","0","0","0","0",
1094,508,1899-12-30 20:30:00,"4","3","0","0","0","0","0","0","0","0","0","0","0","0","0","0","0","0","0","0","0","0","0","0","0","0","0","0","0","0",
1095,587,1899-12-30 20:25:00,"4","2","0","0","0","0","0","0","0","0","0","0","0","0","0","0","0","0","0","0","0","0","0","0","0","0","3","1","0","0","1776"
1096,588,1899-12-30 21:15:00,"4","3","0","0","0","0","0","0","0","0","0","0","0","0","0","0","0","0","0","0","0","0","0","0","0","0","4","2","0","0","1909"
1097,589,1899-12-30 20:59:00,"4","2","0","0","0","0","0","0","0","0","0","0","0","0","0","0","0","0","0","0","0","0","0","0","0","0","3","1","0","0","1972"
1098,590,1899-12-30 21:25:00,"4","2","0","0","0","0","0","0","0","0","0","0","1","1","0","0","0","0","0","0","0","0","0","0","0","0","3","1","1","1","1769"
1099,591,1899-12-30 22:09:00,"5","3","0","0","0","0","0","0","0","0","0","0","2","1","0","0","0","0","0","0","0","0","0","0","0","0","3","2","1","1","1949"
1100,592,1899-12-30 22:50:00,"4","2","0","0","0","0","0","0","0","0","0","0","0","0","0","0","0","0","0","0","0","0","0","0","0","0","3","1","2","1","2016"
1101,593,1899-12-30 21:13:00,"2","1","0","0","0","0","0","0","0","0","0","0","0","0","0","0","0","0","0","0","0","0","0","0","0","0","2","2","0","0","1805"
1102,594,1899-12-30 21:49:00,"3","2","0","0","0","0","0","0","0","0","0","0","2","2","0","0","0","0","0","0","0","0","0","0","0","0","2","2","0","0","1922"
1103,595,1899-12-30 22:29:00,"3","2","0","0","0","0","0","0","0","0","0","0","0","0","0","0","0","0","0","0","0","0","0","0","0","0","2","2","0","0","2116"
1104,596,1899-12-30 23:05:00,"4","3","0","0","0","0","0","0","0","0","0","0","2","1","0","0","0","0","0","0","0","0","0","0","0","0","2","2","0","0","2122"
1105,597,1899-12-30 20:14:00,"3","2","0","0","0","0","0","0","0","0","0","0","0","0","0","0","0","0","0","0","0","0","0","0","0","0","2","2","1","1","1972"
1106,598,1899-12-30 20:43:00,"2","2","0","0","0","0","0","0","0","0","0","0","0","0","0","0","0","0","0","0","0","0","0","0","0","0","2","1","0","0","1769"
1107,599,1899-12-30 21:18:00,"3","2","0","0","0","0","0","0","0","0","0","0","0","0","0","0","0","0","0","0","0","0","0","0","0","0","2","2","0","0","1949"
1108,600,1899-12-30 21:52:00,"3","2","0","0","0","0","0","0","0","0","0","0","0","0","0","0","0","0","0","0","0","0","0","0","0","0","2","1","0","0","2016"
1109,601,1899-12-30 20:29:00,"3","2","0","0","0","0","0","0","0","0","0","0","0","0","0","0","0","0","0","0","0","0","0","0","0","0","2","1","1","1","1805"
1110,602,1899-12-30 21:01:00,"2","2","0","0","0","0","0","0","0","0","0","0","0","0","0","0","0","0","0","0","0","0","0","0","0","0","2","1","0","0","1922"
1111,603,1899-12-30 21:42:00,"4","2","0","0","0","0","0","0","0","0","0","0","0","0","0","0","0","0","0","0","0","0","0","0","0","0","3","1","0","0","2116"
1112,604,1899-12-30 19:52:00,"4","2","0","0","0","0","0","0","0","0","0","0","0","0","0","0","0","0","0","0","0","0","0","0","0","0","3","1","2","1","2122"
1113,605,1899-12-30 20:25:00,"4","2","0","0","0","0","0","0","0","0","0","0","0","0","0","0","0","0","0","0","0","0","0","0","0","0","3","1","0","0","1909"
1114,606,1899-12-30 22:07:00,"3","2","0","0","0","0","0","0","0","0","0","0","0","0","0","0","0","0","0","0","0","0","0","0","0","0","3","1","0","0","1776"
1115,607,1899-12-30 1:25:00,"0","0","0","0","0","0","0","0","0","0","0","0","0","0","0","0","0","0","0","0","0","0","0","0","0","0","0","0","0","0",
1116,608,1899-12-30 19:57:00,"3","4","0","0","0","0","0","0","0","0","0","0","0","0","0","0","0","0","0","0","0","0","0","0","0","0","0","0","0","0",
1117,609,1899-12-30 21:40:00,"0","0","0","0","0","0","0","0","0","0","0","0","0","0","0","0","0","0","0","0","0","0","0","0","0","0","0","0","0","0",
1118,610,1899-12-30 20:50:00,"0","0","0","0","0","0","0","0","0","0","0","0","0","0","0","0","0","0","0","0","0","0","0","0","0","0","0","0","0","0",
1119,611,1899-12-30 19:40:00,"0","0","0","0","0","0","0","0","0","0","0","0","0","0","0","0","0","0","0","0","0","0","0","0","0","0","0","0","0","0",
1120,612,1899-12-30 20:10:00,"0","0","0","0","0","0","0","0","0","0","0","0","0","0","0","0","0","0","0","0","0","0","0","0","0","0","0","0","0","0",
